Smiles,Standard Relation,pChEMBL Value
C#CN1C[C@@H]2CN(C(=O)C=Cc3cnc4c(c3)CCC(=O)N4)C[C@@H]2C1,'=',5.1
C=C(C)COC1CN(C(=O)C=Cc2cnc3c(c2)CCC(=O)N3)C1,'=',6.77
C=CC(C)(C)C12CC(=O)C(=O)N3C(=Cc4c[nH]cn4)C(=O)NC31N(OC)c1ccccc12,'=',4.4
CC(=O)Nc1ccc(C=CC(=O)N(C)Cc2cc3ccccc3n2C)cn1,'=',6.52
CC(=O)Nc1ccc(C=CC(=O)N2CC(OCc3ccncc3)C2)cn1,'=',6.58
CC(=O)Nc1ccc(C=CC(=O)N2CC(c3oc4ccccc4c3C)C2)cn1,'=',6.79
CC(=O)Nc1ccc(C=CC(=O)N2CCC(c3ccc4c(c3)OCO4)C2)cn1,'=',5.96
CC(=O)Nc1ccc(C=CC(=O)N2CCC(c3ccccc3)C2)cn1,'=',5.92
CC(=O)Nc1ccc(C=CC(=O)N2CCC(c3ccccn3)C2)cn1,'=',4.55
CC(=O)Nc1ccc(C=CC(=O)N2CCC(c3nccs3)C2)cn1,'=',5.35
CC(=O)Nc1ncc(C=CC(=O)N(C)Cc2cc3ccccc3n2C)cc1C,'=',6.03
CC(=O)c1cc2c(=O)c3c(C(=O)O)c(O)c(O)cc3oc2c(C(C)=O)c1-c1coc2cc(O)c(O)c(C(=O)O)c2c1=O,'=',6.05
CC(=O)c1ccc(C2=CC3CN(C(=O)C=Cc4cnc5c(c4)CCC(=O)N5)CC3C2)s1,'=',6.0
CC(C)(C)OC(=O)N1CCC(COc2ccc(F)cc2)CC1,'=',6.6
CC(C)(C)OC(=O)N1CCCC(COc2ccc(F)cc2)C1,'=',5.89
CC(C)=CCc1c(O)cc(-c2cc3ccc(O)cc3o2)cc1O,'=',4.08
CC(C)=CCc1c(O)ccc(C(=O)C2[C@@H](c3c(O)cc(-c4cc5ccc(O)cc5o4)cc3O)C=C(C)C[C@@H]2c2ccc(O)cc2O)c1O,'=',5.26
CC(C)=CCc1cc(=O)c(Oc2ccc(Cl)cc2C)co1,'=',5.24
CC(C)CCC/C=C\CCCCCCCC(=O)O,'=',4.8
CC(C)CCCC/C=C\CCCCCCCC(=O)O,'=',4.79
CC(Cc1ncccn1)=NOC1CN(C(=O)C=Cc2cnc3c(c2)CCC(=O)N3)C1,'=',6.06
CC1=CC2CN(C(=O)C=Cc3cnc4c(c3)CCC(=O)N4)CC2C1,'=',5.81
CC1CC(=O)c2c(cc3c(-c4c(O)cc(O)c5c(O)c6c(cc45)OC(C)CC6=O)c(O)cc(O)c3c2O)O1,'=',5.72
CC1CN(C(=O)C=Cc2cnc3c(c2)CCC(=O)N3)CC=C1c1ccccc1,'=',5.82
CCC1=CC2CN(C(=O)C=Cc3cnc4c(c3)CCC(=O)N4)CC2C1,'=',5.97
CCC=CCc1cc(=O)c(Oc2ccc(Cl)cc2C)co1,'=',5.19
CCCC1CCN(C(=O)C=Cc2cnc3c(c2)CCC(=O)N3)CC1,'=',7.39
CCCCCCCCCCCCCCCCc1cc(OC2OC(CO)C(O)C(O)C2O)cc(O)c1C(=O)Oc1cc(C)c(C(=O)O)c(O)c1,'=',5.5
CCCCCOC1CN(C(=O)C=Cc2cnc3c(c2)CCC(=O)N3)C1,'=',7.6
CCCCCS(=O)(=O)C1CN(C(=O)C=Cc2cnc3c(c2)CCC(=O)N3)C1,'=',5.07
CCCCc1ccc(C(=O)N2CCc3c(n(Cc4ccc(O)cc4)c4ccccc34)C2)cc1,'=',6.29
CCCCn1cc(Oc2ccc(C)cc2C)c(=O)cc1COc1ccccc1,'=',6.0
CCCCn1cc(Oc2ccc(Cl)cc2C)c(=O)cc1COc1ccccc1,'=',6.2
CCCCn1cc(Oc2ccc(Cl)cc2Cl)c(=O)cc1COc1ccccc1,'=',5.9
CCCOc1c(CN(C)C(=O)C=Cc2cnc3c(c2)CC2(CCN(C)CC2)C(=O)N3)cccc1OC,'=',7.58
CCCOc1c(CN(C)C(=O)C=Cc2cnc3c(c2)CC2(CCNCC2)C(=O)N3)cccc1OC,'=',7.15
CCCn1c(C2CC(=O)N(c3cccc(Br)c3C)C2)nc2ccccc21,'=',6.13
CCOC(=O)C1=CC2CN(C(=O)C=Cc3cnc4c(c3)CCC(=O)N4)CC2C1,'=',5.85
CCc1cc(O)c(Oc2ccc(C#N)cc2F)cc1F,'=',7.51
CCc1cc(O)c(Oc2ccc(C(=O)N3CCNC(=O)C3)cc2F)cc1F,'=',7.8
CCc1cc(O)c(Oc2ccc(C(=O)NC)cc2F)cc1F,'=',7.09
CCc1cc(O)c(Oc2ccc(C(=O)O)cc2F)cc1F,'=',6.75
CCc1cc(O)c(Oc2ccc(C(N)=O)cc2F)cc1F,'=',7.919999999999999
CCc1cc(O)c(Oc2ccccc2)cc1F,'=',7.43
CCc1cc(O)c(Oc2ccccc2F)cc1F,'=',8.1
CCc1cc(O)c(Oc2cccnc2F)cc1F,'=',7.89
CCc1cc(O)c(Oc2cccnc2N)cc1F,'=',7.25
CCc1cc(OC(=O)OC)c(Oc2ccc(C(=O)N3CCNC(=O)C3)cc2F)cc1F,'=',5.3
CCc1cc(OC)c(Oc2ccc(C(N)=O)cc2F)cc1F,'=',4.68
CCc1ccc(Oc2ccc(C(=O)CCCO)cc2)c(O)c1,'=',7.32
CCc1ccc(Oc2ccc(C(=O)N3CCNC(=O)C3)cc2F)c(O)c1,'=',7.545
CCn1c(C2CC(=O)N(c3cccc(Br)c3C)C2)nc2ccccc21,'=',6.47
CN(C)C(=O)C1=CC2CN(C(=O)C=Cc3cnc4c(c3)CCC(=O)N4)CC2C1,'=',5.37
CN(Cc1cc2ccccc2n1C)C(=O)C=Cc1ccc(N)nc1,'=',5.62
CN(Cc1cc2ccccc2n1C)C(=O)C=Cc1cnc2c(c1)CC1(CCNCC1)C(=O)N2,'=',6.88
CN(Cc1cc2ccccc2n1C)C(=O)C=Cc1cnc2c(c1)CCC(=O)N2,'=',7.3
CN(Cc1cc2ccccc2n1C)C(=O)C=Cc1cnc2c(c1)CCCN2,'=',5.64
CN(Cc1cc2ccccc2n1Cc1ccc(O)cc1)C(=O)c1ccc(O)cc1,'=',6.0
CN(Cc1cn(C)c2ccccc12)C(=O)C=Cc1cnc2c(c1)CCC(=O)N2,'=',6.89
CN1C(=O)C(c2cc(Cl)c(O)c(Cl)c2)NC(=O)[C@@H]2NC(=O)C(c3cc(Cl)c(O)c(Cl)c3)NC(=O)C(NC(=O)C(=O)c3cc(Cl)c(O)c(Cl)c3)Cc3c(O)[nH]c4cc(ccc34)-c3cc2cc(c3O)Oc2ccc(cc2)CC1C(=O)NC(C(=O)O)c1ccc(O)cc1,'=',6.22
CN1C(=O)C(c2cc(Cl)c(O)c(Cl)c2)NC(=O)[C@@H]2NC(=O)C(c3cc(Cl)c(O)c(Cl)c3)NC(=O)C(NC(=O)C(=O)c3cc(Cl)c(O)c(Cl)c3)Cc3c[nH]c4c(cccc34)-c3cc2cc(c3O)Oc2ccc(cc2)CC1C(=O)NC(C(=O)O)c1ccc(O)cc1,'=',6.52
CN1C(=O)C(c2cc(Cl)c(O)c(Cl)c2)NC(=O)[C@@H]2NC(=O)C(c3cc(Cl)c(O)c(Cl)c3)NC(=O)C(NC(=O)C(=O)c3cc(Cl)c(O)c(Cl)c3)Cc3cc4ccc(cc4[nH]3)-c3cc2cc(c3O)Oc2ccc(cc2)CC1C(=O)NC(C(=O)O)c1ccc(O)cc1,'=',6.3
CNc1ccc(C(=O)N2CCc3c(n(Cc4ccc(O)cc4)c4ccccc34)C2)cc1,'=',5.68
COC(=O)C1Cc2cc(=CCC(=O)N3CCC(COc4ccc(F)cc4)CC3)cnc2=NC1=O,'=',7.22
COC(=O)c1cc2cc(C=CC(=O)N3CCC(COc4ccc(F)cc4)CC3)cnc2[nH]c1=O,'=',6.26
COC(=O)c1ccc(C(=O)N2CCc3c(n(Cc4ccc(O)cc4)c4ccccc34)C2)cc1,'=',5.7
COC1CC2CN(C(=O)C=Cc3cnc4c(c3)CCC(=O)N4)CC2C1,'=',5.38
COCc1cc(=O)c(Oc2ccc(Cl)cc2)co1,'=',5.28
COc1c(Br)cccc1N1CC(c2nc3ccccc3n2C)CC1=O,'=',6.7
COc1ccc(-c2c[nH]c(Cc3ccc(C)cc3)n2)cc1,'=',4.18
COc1ccc(-c2cn(Cc3ccc(C(F)(F)F)cc3)cn2)cc1,'=',5.39
COc1ccc(-c2cn(Cc3ccc(C)cc3)cn2)cc1,'=',6.52
COc1ccc(-c2cn(Cc3ccccc3)cn2)cc1,'=',5.95
COc1ccc(C(=O)N2CCc3c(n(Cc4ccc(O)cc4)c4ccccc34)C2)cc1,'=',6.43
COc1ccc(C2=CCN(C(=O)C=Cc3cnc4c(c3)CCC(=O)N4)CC2)cc1,'=',5.66
COc1ccc(C2CCN(C(=O)C=Cc3ccc(NC(C)=O)nc3)C2)cc1,'=',5.44
COc1ccc(C2CCN(C(=O)Cc3ccccc3Cl)C2)cc1,'=',4.9
COc1ccc(Cn2cnc(-c3ccsc3)c2)cc1,'=',5.72
COc1ccc(N2CC(c3nc4ccccc4n3C)CC2=O)cc1Br,'=',5.52
COc1cccc(C2=CCN(C(=O)C=Cc3cnc4c(c3)CCC(=O)N4)CC2)c1,'=',5.62
COc1cccc(N2CC(c3nc4ccccc4n3C)CC2=O)c1C,'=',5.64
COc1ccccc1C1=CC2CN(C(=O)C=Cc3cnc4c(c3)CCC(=O)N4)CC2C1,'=',5.84
COc1ccccc1C1=CCCN(C(=O)C=Cc2cnc3c(c2)CCC(=O)N3)C1,'=',5.69
COc1ccccc1C1=CCN(C(=O)C=Cc2cnc3c(c2)CCC(=O)N3)CC1,'=',6.09
COc1ccccc1C1CCN(C(=O)C=Cc2ccc(NC(C)=O)nc2)C1,'=',5.46
COc1ccccc1C1CCN(C(=O)C=Cc2cnc3c(c2)CCC(=O)N3)CC1,'=',5.87
COc1ccccc1C1CCN(C(=O)Cc2c(F)cccc2F)C1,'=',5.24
COc1ccccc1C1CCN(C(=O)Cc2cccc(F)c2F)C1,'=',5.52
COc1ccccc1C1CCN(C(=O)Cc2ccccc2Cl)C1,'=',6.3
COc1ccccc1C1CCN(C(=O)Cc2ccccc2F)C1,'=',5.34
COc1ccccc1CC1=CCN(C(=O)C=Cc2cnc3c(c2)CCC(=O)N3)CC1,'=',5.58
COc1ccccc1N1C[C@H]2CN(C(=O)C=Cc3cnc4c(c3)CCC(=O)N4)C[C@H]2C1,'=',5.92
COc1ccncc1C1=CC2CN(C(=O)C=Cc3cnc4c(c3)CCC(=O)N4)CC2C1,'=',5.89
COc1ccncc1C1=CCN(C(=O)C=Cc2cnc3c(c2)CCC(=O)N3)CC1,'=',5.7
COc1ccsc1C1=CC2CN(C(=O)C=Cc3cnc4c(c3)CCC(=O)N4)CC2C1,'=',5.99
CS(=O)(=O)OC1CN(C(c2ccccc2)c2ccccc2)C1,'=',6.0
CS(=O)(=O)c1ccc(Cn2c3c(c4ccccc42)CCN(C(=O)c2ccc(O)cc2)C3)cc1,'=',6.48
Cc1[nH]c2ccccc2c1CN(C)C(=O)C=Cc1cnc2c(c1)CCC(=O)N2,'=',7.3
Cc1c(Br)cccc1N1CC(c2nc3cc(F)c(F)cc3n2C)CC1=O,'=',5.28
Cc1c(Br)cccc1N1CC(c2nc3ccccc3n2C(C)C)CC1=O,'=',5.76
Cc1c(Br)cccc1N1CC(c2nc3ccccc3n2C)CC1=O,'=',6.76
Cc1c(Br)cccc1N1C[C@@H](c2nc3ccccc3n2C)CC1=O,'=',7.03
Cc1c(C2CN(C(=O)C=Cc3ccc(NC(=O)Cn4ccnn4)nc3)C2)oc2ccccc12,'=',6.07
Cc1c(C2CN(C(=O)C=Cc3cnc4c(c3)CCC(=O)N4)C2)oc2ccc(Cl)cc12,'=',6.69
Cc1c(C2CN(C(=O)C=Cc3cnc4c(c3)CCC(=O)N4)C2)oc2ccccc12,'=',6.85
Cc1c(C2CN(C(=O)C=Cc3cnc4c(c3)CCC(=O)N4)C2)sc2ccccc12,'=',6.15
Cc1c(C2CN(C(=O)C=Cc3cnc4c(c3)CN(C)CC(=O)N4)C2)oc2ccccc12,'=',6.95
Cc1c(C2CN(C(=O)C=Cc3cnc4c(c3)CN(CCN3CCOCC3)C(=O)N4)C2)oc2ccccc12,'=',7.24
Cc1c(C2CN(C(=O)C=Cc3cnc4c(c3)CN(CCN3CCOCC3)CC(=O)N4)C2)oc2ccccc12,'=',6.54
Cc1c(C2CN(C(=O)C=Cc3cnc4c(c3)CNCC(=O)N4)C2)oc2ccccc12,'=',6.42
Cc1c(C2CN(C(=O)C=Cc3cnc4c(c3)NCCC(=O)N4)C2)oc2ccccc12,'=',6.5
Cc1c(CN(C)C(=O)C=Cc2cnc3c(c2)CC2(CCN(C)CC2)C(=O)N3)oc2ccccc12,'=',7.7
Cc1c(CN(C)C(=O)C=Cc2cnc3c(c2)CC2(CCN(C)CC2)C(=O)N3)sc2ccc(F)cc12,'=',7.55
Cc1c(CN(C)C(=O)C=Cc2cnc3c(c2)CC2(CCN(C)CC2)C(=O)N3)sc2ccccc12,'=',7.85
Cc1c(CN(C)C(=O)C=Cc2cnc3c(c2)CC2(CCNCC2)C(=O)N3)oc2ccccc12,'=',7.31
Cc1c(CN(C)C(=O)C=Cc2cnc3c(c2)CC2(CCNCC2)C(=O)N3)sc2ccccc12,'=',7.32
Cc1c(CN(C)C(=O)C=Cc2cnc3c(c2)CCC(=O)N3)c2ccccc2n1C,'=',7.055
Cc1c(CN(C)C(=O)C=Cc2cnc3c(c2)CCC(=O)N3)oc2ccccc12,'=',7.586666666666667
Cc1c(CN(C)C(=O)C=Cc2cnc3c(c2)CCC(=O)N3)sc2ccccc12,'=',7.52
Cc1c(CN(C)C(=O)C=Cc2cnc3c(c2)CN(CCN2CCOCC2)C(=O)N3)sc2ccccc12,'=',7.58
Cc1c(Cl)cccc1N1CC(c2nc3ccccc3n2C)CC1=O,'=',6.37
Cc1c(N2CC(c3nc4ccccc4n3C)CC2=O)cccc1C(F)(F)F,'=',6.2
Cc1c(N2CC(c3nc4ccccc4n3C)CC2=O)cccc1[N+](=O)[O-],'=',5.82
Cc1c(O)cccc1N1CC(c2nc3ccccc3n2C)CC1=O,'=',6.19
Cc1c(Oc2coc(COc3ccccc3)cc2=O)cccc1[N+](=O)[O-],'=',5.45
Cc1cc(C(=O)N2CCc3c(n(Cc4ccc(O)cc4)c4ccccc34)C2)cc(C)c1O,'=',5.54
Cc1cc(C(=O)N2CCc3c(n(Cc4ccc(O)cc4)c4ccccc34)C2)ccc1O,'=',6.75
Cc1cc(C2CN(C(=O)C=Cc3cnc4c(c3)CCC(=O)N4)C2)nc2ccccc12,'=',6.62
Cc1cc(C=CC(=O)N(C)Cc2cc3ccccc3n2C)cnc1N,'=',6.04
Cc1cc(Cl)ccc1Oc1c[nH]c(COc2ccccc2)cc1=O,'=',6.4
Cc1cc(Cl)ccc1Oc1cn(C)c(COc2ccccc2)cc1=O,'=',6.96
Cc1cc(Cl)ccc1Oc1cn(C2CC2)c(COc2ccccc2)cc1=O,'=',6.33
Cc1cc(Cl)ccc1Oc1cn(Cc2ccccc2)c(COc2ccccc2)cc1=O,'=',6.19
Cc1cc(Cl)ccc1Oc1coc(/C=C/c2ccccc2)cc1=O,'=',5.31
Cc1cc(Cl)ccc1Oc1coc(/C=C/c2cccnc2)cc1=O,'=',5.53
Cc1cc(Cl)ccc1Oc1coc(/C=C/c2ccco2)cc1=O,'=',5.41
Cc1cc(Cl)ccc1Oc1coc(/C=C/c2cccs2)cc1=O,'=',5.34
Cc1cc(Cl)ccc1Oc1coc(/C=C/c2ccoc2)cc1=O,'=',5.61
Cc1cc(Cl)ccc1Oc1coc(/C=C/c2ccsc2)cc1=O,'=',5.51
Cc1cc(Cl)ccc1Oc1coc(C=Cc2ccc[nH]2)cc1=O,'=',5.24
Cc1cc(Cl)ccc1Oc1coc(COc2ccccc2)cc1=O,'=',6.35
Cc1ccc(-c2ccccc2)n1CC1CCN(C(=O)C=Cc2cnc3c(c2)CCC(=O)N3)CC1,'=',4.65
Cc1ccc(C(=O)N2CCc3c(n(Cc4ccc(O)cc4)c4ccccc34)C2)c(O)c1,'=',6.92
Cc1ccc(C(=O)N2CCc3c(n(Cc4ccc(O)cc4)c4ccccc34)C2)cc1,'=',6.62
Cc1ccc(C2=CC3CN(C(=O)C=Cc4cnc5c(c4)CCC(=O)N5)CC3C2)o1,'=',5.8
Cc1ccc(Cc2nc(-c3ccsc3)no2)cc1,'=',4.29
Cc1ccc(Cc2noc(-c3ccsc3)n2)cc1,'=',4.29
Cc1ccc(Cn2cnc(-c3cccs3)c2)cc1,'=',5.91
Cc1ccc(Cn2cnc(-c3ccsc3)c2)cc1,'=',6.52
Cc1ccc(OCC2CN(C(=O)C=Cc3cnc4c(c3)CCC(=O)N4)C2)cc1,'=',6.04
Cc1ccc(Oc2c[nH]c(COc3ccccc3)cc2=O)c(C)c1,'=',5.94
Cc1ccc(Oc2cn(C)c(COc3ccccc3)cc2=O)c(C)c1,'=',7.1
Cc1ccc(Oc2cn(C3CC3)c(COc3ccccc3)cc2=O)c(C)c1,'=',5.5
Cc1ccc(Oc2cn(Cc3ccccc3)c(COc3ccccc3)cc2=O)c(C)c1,'=',5.57
Cc1ccc(Oc2coc(/C=C/c3ccccc3)cc2=O)c(C)c1,'=',5.27
Cc1ccc(Oc2coc(/C=C/c3cccnc3)cc2=O)c(C)c1,'=',5.46
Cc1ccc(Oc2coc(/C=C/c3ccoc3)cc2=O)c(C)c1,'=',5.64
Cc1ccc(Oc2coc(COc3ccccc3)cc2=O)c(C)c1,'=',6.42
Cc1cccc(Cl)c1Cc1c(Cl)n(Cc2cccc(Cl)c2)ccc1=O,'=',6.47
Cc1cccc(Cl)c1Cc1c(Cl)n(Cc2cccs2)ccc1=O,'=',6.46
Cc1cccc(Cn2cnc(-c3ccsc3)c2)c1,'=',5.37
Cc1cccc(N2CC(c3nc4ccccc4n3C)CC2=O)c1,'=',5.24
Cc1cccc(N2CC(c3nc4ccccc4n3C)CC2=O)c1Br,'=',5.77
Cc1cccc(N2CC(c3nc4ccccc4n3C)CC2=O)c1C,'=',6.01
Cc1cccc(N2CC(c3nc4ccccc4n3C)CC2=O)c1Cl,'=',5.93
Cc1cccc2c(CN(C)C(=O)C=Cc3cnc4c(c3)CCC(=O)N4)c(C)n(C)c12,'=',7.7
Cc1ccccc1C1=CC2CN(C(=O)C=Cc3cnc4c(c3)CCC(=O)N4)CC2C1,'=',5.92
Cc1ccccc1Cn1cnc(-c2ccsc2)c1,'=',4.44
Cc1ccccc1N1CC(c2nc3ccccc3n2C)CC1=O,'=',5.62
Cc1ccccc1N1C[C@H]2CN(C(=O)C=Cc3cnc4c(c3)CCC(=O)N4)C[C@H]2C1,'=',6.03
Cc1ccccc1OCC1CN(C(=O)C=Cc2cnc3c(c2)CCC(=O)N3)C1,'=',6.75
Cc1csc(C2=CC3CN(C(=O)C=Cc4cnc5c(c4)CCC(=O)N5)CC3C2)c1,'=',5.81
Cc1cscc1C1=CC2CN(C(=O)C=Cc3cnc4c(c3)CCC(=O)N4)CC2C1,'=',5.84
Cc1nc(C2CC(C(=O)C=Cc3cnc4c(c3)CCC(=O)N4)C2)no1,'=',6.82
Cc1nc(C2CCCCN2C(=O)C=Cc2cnc3c(c2)CCC(=O)N3)no1,'=',5.39
Cc1nc(C2CN(C(=O)C=Cc3cnc4c(c3)CCC(=O)N4)C2)no1,'=',6.82
Cc1nnc(C2=CC3CN(C(=O)C=Cc4cnc5c(c4)CCC(=O)N5)CC3C2)s1,'=',5.97
Cc1noc(C)c1C1=CC2CN(C(=O)C=Cc3cnc4c(c3)CCC(=O)N4)CC2C1,'=',5.9
Cn1c(C2CC(=O)N(c3ccc(O)c(O)c3)C2)nc2ccccc21,'=',5.29
Cn1c(C2CC(=O)N(c3cccc(Br)c3Cl)C2)nc2ccccc21,'=',6.48
Cn1c(C2CC(=O)N(c3cccc(Br)c3F)C2)nc2ccccc21,'=',6.32
Cn1c(C2CC(=O)N(c3cccc(Br)c3O)C2)nc2ccccc21,'=',5.73
Cn1c(C2CC(=O)N(c3cccc(Cl)c3)C2)nc2ccccc21,'=',5.45
Cn1c(C2CC(=O)N(c3cccc(Cl)c3Br)C2)nc2ccccc21,'=',6.64
Cn1c(C2CC(=O)N(c3cccc(Cl)c3Cl)C2)nc2ccccc21,'=',6.3
Cn1c(C2CC(=O)N(c3cccc(Cl)c3F)C2)nc2ccccc21,'=',6.24
Cn1c(C2CC(=O)N(c3cccc(F)c3Br)C2)nc2ccccc21,'=',5.56
Cn1c(C2CC(=O)N(c3cccc(F)c3F)C2)nc2ccccc21,'=',6.64
Cn1c(C2CC(=O)N(c3cccc4ccccc34)C2)nc2ccccc21,'=',5.97
Cn1cc(C2=CC3CN(C(=O)C=Cc4cnc5c(c4)CCC(=O)N5)CC3C2)cn1,'=',5.81
Cn1cc(Oc2c(Cl)cccc2Cl)c(=O)cc1COc1ccccc1,'=',6.14
Cn1cc(Oc2ccc(Cl)cc2Cl)c(=O)cc1COc1ccccc1,'=',6.92
Cn1cc(Oc2cccc(Cl)c2Cl)c(=O)cc1COc1ccccc1,'=',6.66
Cn1cc(Oc2cccc([N+](=O)[O-])c2Cl)c(=O)cc1COc1ccccc1,'=',6.18
Cn1ccc2c(N3CC(c4nc5ccccc5n4C)CC3=O)cccc21,'=',5.08
Cn1nccc1C1=CC2CN(C(=O)C=Cc3cnc4c(c3)CCC(=O)N4)CC2C1,'=',5.91
N#Cc1ccc(C2=CC3CN(C(=O)C=Cc4cnc5c(c4)CCC(=O)N5)CC3C2)s1,'=',5.82
N#Cc1ccccc1C1=CC2CN(C(=O)C=Cc3cnc4c(c3)CCC(=O)N4)CC2C1,'=',6.0
NC(=O)C1=CC2CN(C(=O)C=Cc3cnc4c(c3)CCC(=O)N4)CC2C1,'=',5.08
NC(=O)C1Cc2cc(=CCC(=O)N3CCC(COc4ccc(F)cc4)CC3)cnc2=NC1=O,'=',6.826666666666667
Nc1ccc(C(=O)N2CCc3c(n(Cc4ccc(O)cc4)c4ccccc34)C2)cc1,'=',6.0
Nc1ccc(C=CC(=O)N2CC(OCc3ccncc3)C2)cn1,'=',5.75
Nc1ccc(Cn2c3c(c4ccccc42)CCN(C(=O)c2ccc(O)cc2)C3)cc1,'=',6.17
Nc1ccc(Cn2cnc(-c3ccsc3)c2)cc1,'=',5.69
O=C(Cc1c(F)cccc1Cl)N1CCC(c2ccc3c(c2)OCO3)C1,'=',5.75
O=C(Cc1c(F)cccc1F)N1CCC(c2ccc3c(c2)OCO3)C1,'=',5.64
O=C(Cc1c(F)cccc1F)N1CCC(c2ccccc2)C1,'=',5.72
O=C(Cc1cccc(F)c1F)N1CCC(c2ccc3c(c2)OCO3)C1,'=',5.26
O=C(Cc1cccc(F)c1F)N1CCC(c2ccccc2)C1,'=',5.14
O=C(Cc1ccccc1Cl)N1CCC(c2ccc3c(c2)OCO3)C1,'=',5.6
O=C(Cc1ccccc1Cl)N1CCC(c2ccccc2)C1,'=',4.97
O=C(Cc1ccccc1Cl)N1CCC(c2ccccn2)C1,'=',4.74
O=C(Cc1ccccc1Cl)N1CCC(c2nccs2)C1,'=',5.22
O=C(Cc1ccccc1F)N1CCC(c2ccc3c(c2)OCO3)C1,'=',5.57
O=C(Cc1ccccc1F)N1CCC(c2ccccc2)C1,'=',5.3
O=C(O)c1ccc(Cn2c3c(c4ccccc42)CCN(C(=O)c2ccc(O)cc2)C3)cc1,'=',5.06
O=C(c1cc(Cl)cc(Cl)c1O)N1CCc2c(n(Cc3ccc(O)cc3)c3ccccc23)C1,'=',5.75
O=C(c1ccc(Cl)cc1)N1CCc2c(n(Cc3ccc(O)cc3)c3ccccc23)C1,'=',6.75
O=C(c1ccc(Cl)cc1Cl)N1CCc2c(n(Cc3ccc(O)cc3)c3ccccc23)C1,'=',5.75
O=C(c1ccc(Cl)cc1O)N1CCc2c(n(Cc3ccc(O)cc3)c3ccccc23)C1,'=',6.8
O=C(c1ccc(O)c(Cl)c1)N1CCc2c(n(Cc3ccc(O)cc3)c3ccccc23)C1,'=',6.8
O=C(c1ccc(O)cc1)N1CCc2c([nH]c3ccccc23)C1c1ccc(O)cc1,'=',4.55
O=C(c1ccc(O)cc1)N1CCc2c(c3ccccc3n2Cc2ccc(O)cc2)C1,'=',4.49
O=C(c1ccc(O)cc1)N1CCc2c(n(Cc3ccc(F)cc3)c3ccccc23)C1,'=',6.6
O=C(c1ccc(O)cc1)N1CCc2c(n(Cc3ccc(O)cc3)c3ccccc23)C1,'=',6.96
O=C(c1cccc(O)c1)N1CCc2c(n(Cc3ccc(O)cc3)c3ccccc23)C1,'=',5.47
O=C(c1ccccc1)N1CCc2c(n(Cc3ccc(O)cc3)c3ccccc23)C1,'=',6.31
O=C(c1ccccc1O)N1CCc2c(n(Cc3ccc(O)cc3)c3ccccc23)C1,'=',6.14
O=C1CCc2cc(=CCC(=O)N3CC(COc4ccc(F)cc4)C3)cnc2=N1,'=',6.5
O=C1CCc2cc(=CCC(=O)N3CC(COc4ccc5ccccc5c4)C3)cnc2=N1,'=',5.85
O=C1CCc2cc(=CCC(=O)N3CC(COc4cccc(F)c4)C3)cnc2=N1,'=',6.36
O=C1CCc2cc(=CCC(=O)N3CC(COc4ccccc4)C3)cnc2=N1,'=',6.58
O=C1CCc2cc(=CCC(=O)N3CC(COc4ccccc4F)C3)cnc2=N1,'=',6.42
O=C1CCc2cc(=CCC(=O)N3CC(OCc4ccccc4)C3)cnc2=N1,'=',7.006666666666667
O=C1CCc2cc(=CCC(=O)N3CC(OCc4cccs4)C3)cnc2=N1,'=',7.89
O=C1CCc2cc(=CCC(=O)N3CC(OCc4nccs4)C3)cnc2=N1,'=',7.24
O=C1CCc2cc(=CCC(=O)N3CC(Oc4ccccc4)C3)cnc2=N1,'=',6.0
O=C1CCc2cc(=CCC(=O)N3CC(c4ccccc4)C3)cnc2=N1,'=',6.31
O=C1CCc2cc(=CCC(=O)N3CC(c4ccccn4)C3)cnc2=N1,'=',6.62
O=C1CCc2cc(=CCC(=O)N3CC(c4nc5ccccc5s4)C3)cnc2=N1,'=',6.43
O=C1CCc2cc(=CCC(=O)N3CC4C=C(Cc5ccccc5)CC4C3)cnc2=N1,'=',5.82
O=C1CCc2cc(=CCC(=O)N3CC4C=C(c5ccc(Cl)s5)CC4C3)cnc2=N1,'=',5.63
O=C1CCc2cc(=CCC(=O)N3CC4C=C(c5ccccc5)CC4C3)cnc2=N1,'=',6.08
O=C1CCc2cc(=CCC(=O)N3CC4C=C(c5ccccc5Cl)CC4C3)cnc2=N1,'=',5.75
O=C1CCc2cc(=CCC(=O)N3CC4C=C(c5ccccc5F)CC4C3)cnc2=N1,'=',5.79
O=C1CCc2cc(=CCC(=O)N3CC4C=C(c5cccnc5)CC4C3)cnc2=N1,'=',5.97
O=C1CCc2cc(=CCC(=O)N3CC4C=C(c5cccnc5Cl)CC4C3)cnc2=N1,'=',5.99
O=C1CCc2cc(=CCC(=O)N3CC4C=C(c5ccco5)CC4C3)cnc2=N1,'=',5.78
O=C1CCc2cc(=CCC(=O)N3CC4C=C(c5cccs5)CC4C3)cnc2=N1,'=',6.13
O=C1CCc2cc(=CCC(=O)N3CC4C=C(c5ccncc5)CC4C3)cnc2=N1,'=',5.95
O=C1CCc2cc(=CCC(=O)N3CC4C=C(c5ccoc5)CC4C3)cnc2=N1,'=',5.81
O=C1CCc2cc(=CCC(=O)N3CC4C=C(c5ccsc5)CC4C3)cnc2=N1,'=',5.87
O=C1CCc2cc(=CCC(=O)N3CC4C=C(c5ccsc5Cl)CC4C3)cnc2=N1,'=',5.75
O=C1CCc2cc(=CCC(=O)N3CC4C=C(c5cn[nH]c5)CC4C3)cnc2=N1,'=',5.84
O=C1CCc2cc(=CCC(=O)N3CC4C=C(c5nccs5)CC4C3)cnc2=N1,'=',5.93
O=C1CCc2cc(=CCC(=O)N3CC4C=CCC4C3)cnc2=N1,'=',5.57
O=C1CCc2cc(=CCC(=O)N3CC4CC(F)(F)CC4C3)cnc2=N1,'=',5.32
O=C1CCc2cc(=CCC(=O)N3CC4CC(n5cccn5)CC4C3)cnc2=N1,'=',5.56
O=C1CCc2cc(=CCC(=O)N3CC4CC(n5ccnn5)CC4C3)cnc2=N1,'=',5.26
O=C1CCc2cc(=CCC(=O)N3CC4CC(n5cncn5)CC4C3)cnc2=N1,'=',5.05
O=C1CCc2cc(=CCC(=O)N3CC4CC(n5nccn5)CC4C3)cnc2=N1,'=',5.83
O=C1CCc2cc(=CCC(=O)N3CC=C(c4cc5ccccc5o4)CC3)cnc2=N1,'=',5.32
O=C1CCc2cc(=CCC(=O)N3CC=C(c4ccc5c(c4)OCO5)CC3)cnc2=N1,'=',5.88
O=C1CCc2cc(=CCC(=O)N3CC=C(c4cccc(C(F)(F)F)c4)CC3)cnc2=N1,'=',5.58
O=C1CCc2cc(=CCC(=O)N3CC=C(c4ccccc4)CC3)cnc2=N1,'=',5.94
O=C1CCc2cc(=CCC(=O)N3CC=C(c4ccccc4Cl)CC3)cnc2=N1,'=',5.83
O=C1CCc2cc(=CCC(=O)N3CC=C(c4cccnc4)CC3)cnc2=N1,'=',5.73
O=C1CCc2cc(=CCC(=O)N3CC=C(c4ccco4)CC3)cnc2=N1,'=',6.01
O=C1CCc2cc(=CCC(=O)N3CC=C(c4ccoc4)CC3)cnc2=N1,'=',5.86
O=C1CCc2cc(=CCC(=O)N3CC=CCC3)cnc2=N1,'=',4.9
O=C1CCc2cc(=CCC(=O)N3CCC(C(=O)c4ccccc4)CC3)cnc2=N1,'=',5.35
O=C1CCc2cc(=CCC(=O)N3CCC(CC4CCCS4)CC3)cnc2=N1,'=',5.8
O=C1CCc2cc(=CCC(=O)N3CCC(CCO)CC3)cnc2=N1,'=',5.28
O=C1CCc2cc(=CCC(=O)N3CCC(CCOc4ccc(F)cc4)CC3)cnc2=N1,'=',5.5
O=C1CCc2cc(=CCC(=O)N3CCC(CCOc4ccccc4)CC3)cnc2=N1,'=',5.61
O=C1CCc2cc(=CCC(=O)N3CCC(COc4ccc(F)cc4)CC3)cnc2=N1,'=',5.94
O=C1CCc2cc(=CCC(=O)N3CCC(Cc4ccc5ccccc5n4)CC3)cnc2=N1,'=',5.1
O=C1CCc2cc(=CCC(=O)N3CCC(Cc4ccccc4)CC3)cnc2=N1,'=',6.08
O=C1CCc2cc(=CCC(=O)N3CCC(Cc4ccccn4)CC3)cnc2=N1,'=',5.9
O=C1CCc2cc(=CCC(=O)N3CCC(Cc4cccs4)CC3)cnc2=N1,'=',5.88
O=C1CCc2cc(=CCC(=O)N3CCC(Cc4coc5cc(F)ccc45)CC3)cnc2=N1,'=',5.74
O=C1CCc2cc(=CCC(=O)N3CCC(Cc4nc5ccccc5s4)CC3)cnc2=N1,'=',5.4
O=C1CCc2cc(=CCC(=O)N3CCC(Cn4ccc5ccccc54)CC3)cnc2=N1,'=',5.18
O=C1CCc2cc(=CCC(=O)N3CCC(Cn4cncn4)CC3)cnc2=N1,'=',5.41
O=C1CCc2cc(=CCC(=O)N3CCC(O)(c4ccc(Cl)cc4)CC3)cnc2=N1,'=',5.71
O=C1CCc2cc(=CCC(=O)N3CCC(O)(c4ccccc4)CC3)cnc2=N1,'=',6.47
O=C1CCc2cc(=CCC(=O)N3CCC(Oc4ccccc4)C3)cnc2=N1,'=',6.92
O=C1CCc2cc(=CCC(=O)N3CCC(Oc4ccccc4)CC3)cnc2=N1,'=',5.61
O=C1CCc2cc(=CCC(=O)N3CCC(Oc4cccnc4)C3)cnc2=N1,'=',6.03
O=C1CCc2cc(=CCC(=O)N3CCC(c4cccc(O)c4)CC3)cnc2=N1,'=',6.03
O=C1CCc2cc(=CCC(=O)N3CCC(c4ccccc4)CC3)cnc2=N1,'=',6.1
O=C1CCc2cc(=CCC(=O)N3CCC3)cnc2=N1,'=',4.96
O=C1CCc2cc(=CCC(=O)N3CCCC(COc4ccc(F)cc4)C3)cnc2=N1,'=',5.89
O=C1CCc2cc(=CCC(=O)N3CCCC(Oc4ccccc4)C3)cnc2=N1,'=',5.03
O=C1CCc2cc(=CCC(=O)N3CCCC3)cnc2=N1,'=',5.26
O=C1CCc2cc(=CCC(=O)N3CCCC3c3ccccc3)cnc2=N1,'=',5.15
O=C1CCc2cc(=CCC(=O)N3CCCCC3)cnc2=N1,'=',5.006666666666667
O=C1CCc2cc(=CCC(=O)N3CCCC[C@@H]3c3nc4ccccc4o3)cnc2=N1,'=',5.75
O=C1CCc2cc(=CCC(=O)N3CCCC[C@H]3c3nc4ccccc4o3)cnc2=N1,'=',5.75
O=C1CCc2cc(=CCC(=O)N3CCN(Cc4ccccc4)CC3)cnc2=N1,'=',4.72
O=C1CCc2cc(=CCC(=O)N3CCN(c4ccccc4)CC3)cnc2=N1,'=',5.39
O=C1CCc2cc(=CCC(=O)N3CCc4ccccc4C3)cnc2=N1,'=',5.84
O=C1CCc2cc(=CCC(=O)N3C[C@@H]4CC(O)(c5ccccc5)C[C@@H]4C3)cnc2=N1,'=',5.2
O=C1CCc2cc(=CCC(=O)N3C[C@@H]4CC(c5ccncc5)=C[C@@H]4C3)cnc2=N1,'=',5.95
O=C1CCc2cc(=CCC(=O)N3C[C@@H]4CC(c5ccsc5)=C[C@@H]4C3)cnc2=N1,'=',5.94
O=C1CCc2cc(=CCC(=O)N3C[C@@H]4CN(S(=O)(=O)c5ccccc5)C[C@@H]4C3)cnc2=N1,'=',5.17
O=C1CCc2cc(=CCC(=O)N3C[C@@H]4CN(c5ccc(Cl)cc5)C[C@@H]4C3)cnc2=N1,'=',5.53
O=C1CCc2cc(=CCC(=O)N3C[C@@H]4CN(c5cccc(Cl)c5)C[C@@H]4C3)cnc2=N1,'=',5.66
O=C1CCc2cc(=CCC(=O)N3C[C@@H]4CN(c5ccccc5)C[C@@H]4C3)cnc2=N1,'=',5.7
O=C1CCc2cc(=CCC(=O)N3C[C@@H]4CN(c5ccccc5Cl)C[C@@H]4C3)cnc2=N1,'=',5.98
O=C1CCc2cc(=CCC(=O)N3C[C@@H]4CN(c5cccnc5)C[C@@H]4C3)cnc2=N1,'=',5.56
O=C1CCc2cc(=CCC(=O)N3C[C@@H]4CN(c5cccs5)C[C@@H]4C3)cnc2=N1,'=',5.75
O=C1CCc2cc(=CCC(=O)N3C[C@@H]4CN(c5nccs5)C[C@@H]4C3)cnc2=N1,'=',5.84
O=C1CCc2cc(=CCC(=O)N3C[C@H]4CC(Oc5ccccc5)C[C@H]4C3)cnc2=N1,'=',5.34
O=C1CCc2cc(=CCC(=O)N3C[C@H]4CC(c5ccsc5)=C[C@H]4C3)cnc2=N1,'=',5.93
O=C1CCc2cc(=CCC(=O)N3C[C@H]4CN(Cc5cccs5)C[C@H]4C3)cnc2=N1,'=',5.04
O=C1CCc2cc(C#CC(=O)N3CC4C=C(c5ccccc5)CC4C3)cnc2N1,'=',5.68
O=C1N=c2ncc(=CCC(=O)N3CCC(COc4ccc(F)cc4)CC3)cc2CC1CO,'=',7.09
O=[N+]([O-])c1cccc(Cn2cnc(-c3ccsc3)c2)c1,'=',4.83
O=c1cc(/C=C/c2ccccc2)occ1Oc1c(Cl)cccc1Cl,'=',5.32
O=c1cc(/C=C/c2ccccc2)occ1Oc1ccc(Cl)cc1Cl,'=',5.34
O=c1cc(/C=C/c2ccccc2)occ1Oc1cccc(Cl)c1Cl,'=',5.17
O=c1cc(/C=C/c2cccnc2)occ1Oc1c(Cl)cccc1Cl,'=',5.43
O=c1cc(/C=C/c2cccnc2)occ1Oc1ccc(Cl)cc1Cl,'=',5.69
O=c1cc(/C=C/c2cccnc2)occ1Oc1cccc(Cl)c1Cl,'=',5.46
O=c1cc(/C=C/c2ccoc2)occ1Oc1c(Cl)cccc1Cl,'=',5.38
O=c1cc(/C=C/c2ccoc2)occ1Oc1ccc(Cl)cc1Cl,'=',5.72
O=c1cc(/C=C/c2ccoc2)occ1Oc1cccc(Cl)c1Cl,'=',5.25
O=c1cc(COc2ccccc2)[nH]cc1Oc1c(Cl)cccc1Cl,'=',5.3
O=c1cc(COc2ccccc2)[nH]cc1Oc1ccc(Cl)cc1Cl,'=',5.74
O=c1cc(COc2ccccc2)[nH]cc1Oc1cccc(Cl)c1Cl,'=',6.08
O=c1cc(COc2ccccc2)[nH]cc1Oc1cccc([N+](=O)[O-])c1Cl,'=',4.93
O=c1cc(COc2ccccc2)n(C2CC2)cc1Oc1c(Cl)cccc1Cl,'=',5.19
O=c1cc(COc2ccccc2)n(C2CC2)cc1Oc1ccc(Cl)cc1Cl,'=',6.32
O=c1cc(COc2ccccc2)n(C2CC2)cc1Oc1cccc(Cl)c1Cl,'=',5.82
O=c1cc(COc2ccccc2)n(C2CC2)cc1Oc1cccc([N+](=O)[O-])c1Cl,'=',4.75
O=c1cc(COc2ccccc2)n(Cc2ccccc2)cc1Oc1ccc(Cl)cc1Cl,'=',5.85
O=c1cc(COc2ccccc2)occ1Oc1c(Cl)cccc1Cl,'=',5.85
O=c1cc(COc2ccccc2)occ1Oc1ccc(Cl)cc1Cl,'=',6.17
O=c1cc(COc2ccccc2)occ1Oc1cccc(Cl)c1Cl,'=',5.9
O=c1cc(O)cc(C2c3c(cc(C=Cc4cc(O)c(O)cc4-c4c(O)cc(C=Cc5ccc(O)c(O)c5)oc4=O)oc3=O)O[C@@H]2c2ccc(O)c(O)c2)o1,'=',5.22
O=c1cc(O)cc(C2c3c(cc(C=Cc4ccc(O)c(O)c4)oc3=O)O[C@@H]2c2ccc(O)c(O)c2)o1,'=',4.82
Oc1cc(Cl)ccc1Oc1ccc(Cl)cc1Cl,'=',6.534000000000001
c1ccc(-c2ccc(Cn3cnc(-c4ccsc4)c3)cc2)cc1,'=',5.12
