MACCS_36,MACCS_38,MACCS_42,MACCS_50,MACCS_57,MACCS_62,MACCS_65,MACCS_72,MACCS_75,MACCS_79,MACCS_80,MACCS_83,MACCS_86,MACCS_87,MACCS_89,MACCS_90,MACCS_92,MACCS_93,MACCS_95,MACCS_97,MACCS_98,MACCS_99,MACCS_101,MACCS_103,MACCS_104,MACCS_108,MACCS_109,MACCS_111,MACCS_113,MACCS_115,MACCS_116,MACCS_120,MACCS_126,MACCS_128,MACCS_129,MACCS_131,MACCS_132,MACCS_133,MACCS_136,MACCS_139,MACCS_140,MACCS_142,MACCS_146,MACCS_149,MACCS_150,MACCS_151,MACCS_155,MACCS_159,MACCS_160,pChEMBL_Value
0,1,0,0,0,0,1,0,1,0,1,1,1,0,0,1,1,0,0,1,1,1,1,0,1,0,0,1,0,0,0,1,0,1,1,0,1,0,1,0,0,1,0,0,0,1,0,1,0,5.1
0,1,0,1,0,0,1,0,1,0,0,0,1,0,0,1,1,0,1,1,1,1,1,0,1,0,1,1,0,1,0,1,1,0,1,0,1,0,1,0,0,1,1,0,0,1,1,1,1,6.77
0,1,0,0,0,0,1,1,1,1,1,1,0,0,0,1,1,1,1,1,1,1,1,0,0,0,0,0,0,0,1,1,1,0,0,1,1,0,1,0,1,1,1,1,1,1,0,1,1,4.4
0,1,0,0,0,0,1,0,1,1,0,1,1,0,0,0,1,1,0,1,1,1,1,0,0,0,0,1,0,1,1,1,0,0,0,0,0,1,1,0,0,1,0,1,1,1,1,1,1,6.52
0,1,0,0,0,0,1,0,1,0,0,0,1,0,0,0,1,0,1,1,1,1,0,0,0,0,1,0,0,0,0,1,1,0,1,0,1,1,1,0,0,1,1,0,0,1,1,1,1,6.58
0,1,0,0,1,1,1,0,1,0,0,1,1,0,0,0,1,0,0,1,1,1,1,0,0,1,0,0,0,0,0,1,0,0,0,0,0,1,1,0,0,1,1,1,1,1,0,1,1,6.79
0,1,0,0,1,1,1,1,1,0,0,1,1,0,0,0,1,0,0,1,1,1,1,0,0,0,1,1,1,0,0,1,0,0,1,0,0,1,1,0,1,1,1,0,0,1,0,1,1,5.96
0,1,0,0,0,1,1,0,1,0,0,1,1,0,0,0,1,0,0,1,1,1,0,0,0,0,0,1,0,0,0,1,0,0,1,0,0,1,1,0,0,1,0,0,0,1,0,1,1,5.92
0,1,0,0,0,1,1,0,1,0,1,1,1,0,0,0,1,0,0,1,1,1,0,0,0,0,0,1,0,0,0,1,0,0,1,0,0,1,1,0,0,1,0,0,0,1,0,1,1,4.55
1,1,0,0,0,1,1,0,1,0,1,1,1,0,0,0,1,0,0,1,1,1,0,0,0,0,0,1,0,0,0,1,0,0,1,0,0,1,1,0,0,1,0,0,0,1,0,1,1,5.35
0,1,0,0,0,0,1,0,1,1,0,1,1,0,0,0,1,1,0,1,1,1,1,0,0,0,0,1,0,1,1,1,0,0,0,0,0,1,1,0,0,1,0,1,1,1,1,1,1,6.03
0,0,0,0,1,1,0,1,0,0,0,0,0,0,1,0,0,0,0,0,1,0,1,0,0,0,0,0,1,0,0,1,0,0,0,1,0,0,1,1,1,0,1,1,1,0,0,1,1,6.05
1,1,0,1,0,1,1,0,1,0,0,1,1,0,0,1,1,0,0,1,1,1,1,0,1,0,0,1,0,0,0,1,0,1,1,0,1,0,1,0,0,1,1,0,0,1,0,1,1,6.0
0,0,1,0,0,0,0,0,1,0,0,0,1,1,0,0,0,0,0,0,1,0,0,0,0,0,1,1,1,0,0,0,1,1,1,0,0,0,0,0,0,0,1,1,0,0,1,1,1,6.6
0,0,1,0,0,0,0,0,1,0,0,0,1,1,0,0,0,0,0,1,1,0,0,0,0,0,1,1,1,0,0,0,1,1,1,0,0,0,0,0,0,0,1,1,0,0,1,1,1,5.89
0,0,0,1,1,1,0,0,0,0,0,1,0,0,1,1,0,0,0,0,0,1,1,0,0,0,0,0,1,0,1,0,0,0,0,1,0,0,0,1,1,0,1,1,1,0,1,1,1,4.08
0,0,0,1,1,1,0,0,0,0,0,1,0,0,1,1,0,0,0,0,0,1,1,0,0,0,0,0,1,1,1,0,0,0,0,1,0,0,0,1,1,0,1,1,1,0,1,1,1,5.26
0,0,0,1,1,0,0,1,0,0,0,0,0,1,1,0,0,0,0,0,1,1,0,1,0,0,0,0,1,0,1,0,1,0,0,0,1,0,0,0,0,0,1,1,1,0,1,1,1,5.24
0,0,0,0,0,0,0,0,0,0,0,0,0,0,0,1,0,0,0,0,0,1,0,0,1,1,0,0,0,1,1,0,0,1,1,0,1,0,0,1,0,0,0,1,0,0,1,1,1,4.8
0,0,0,0,0,0,0,0,0,0,0,0,0,0,0,1,0,0,0,0,0,1,0,0,1,1,0,0,0,1,1,0,0,1,1,0,1,0,0,1,0,0,0,1,0,0,1,1,1,4.79
0,1,0,0,0,0,1,0,1,0,1,0,1,0,0,1,1,0,1,1,1,1,1,0,1,0,0,1,0,1,0,1,1,0,0,0,1,0,1,0,0,1,1,0,0,1,1,1,1,6.06
0,1,0,1,0,0,1,0,1,0,0,1,1,0,0,1,1,0,0,1,1,1,1,0,1,1,0,1,0,1,0,1,0,1,1,0,1,0,1,0,0,1,0,0,0,1,0,1,1,5.81
0,0,0,0,1,1,0,0,0,0,0,0,0,0,1,0,0,0,0,0,1,0,1,0,0,0,0,0,1,1,0,1,0,0,0,1,1,0,1,1,1,0,1,1,1,0,0,1,1,5.72
0,1,0,1,0,1,1,0,1,0,0,0,1,0,0,1,1,0,0,1,1,1,1,0,1,1,0,1,0,1,0,1,0,1,0,0,1,0,1,0,0,1,0,0,1,1,0,1,1,5.82
0,1,0,1,0,0,1,0,1,0,0,1,1,0,0,1,1,0,0,1,1,1,1,0,1,0,0,1,0,0,1,1,0,1,1,0,1,0,1,0,0,1,0,0,0,1,1,1,1,5.97
0,0,0,0,1,0,0,1,0,0,0,0,0,1,1,0,0,0,0,0,1,1,0,1,0,1,0,0,1,0,0,0,1,0,1,0,1,0,0,0,0,0,1,1,1,0,1,1,1,5.19
0,1,0,0,0,0,1,0,1,0,0,0,1,0,0,1,1,0,0,1,1,1,1,0,1,1,0,1,0,1,0,1,0,1,1,0,1,0,1,0,0,1,0,0,0,1,1,1,1,7.39
0,0,0,0,1,0,0,1,0,0,0,0,0,0,1,1,0,0,0,0,1,0,0,0,0,1,1,0,1,1,1,0,1,1,1,1,1,0,1,1,1,0,1,1,1,0,1,1,1,5.5
0,1,0,0,0,0,1,0,1,0,0,0,1,0,0,1,1,0,1,1,1,1,1,0,1,1,1,1,0,1,1,1,1,1,1,0,1,0,1,0,0,1,1,0,0,1,1,1,1,7.6
0,1,0,0,0,0,1,0,1,0,0,0,1,0,0,1,1,0,0,1,1,1,1,0,1,1,0,1,0,1,1,1,0,1,1,0,1,0,1,0,1,1,1,0,0,1,1,1,1,5.07
0,0,0,0,0,0,1,0,1,1,0,1,1,0,0,0,1,0,0,0,1,0,1,0,0,0,0,1,1,1,1,1,0,1,1,0,0,0,0,1,0,1,0,0,0,0,1,1,1,6.29
0,0,0,0,0,0,1,1,1,0,0,0,0,0,0,0,0,0,1,1,1,0,0,0,0,0,1,1,1,1,1,0,1,1,1,0,0,0,0,0,0,0,1,1,1,0,1,1,1,6.0
0,0,0,0,0,0,1,1,1,0,0,0,0,1,0,0,0,0,1,1,1,0,0,1,0,0,1,1,1,1,1,0,1,1,1,0,0,0,0,0,0,0,1,1,1,0,1,1,1,6.2
0,0,0,0,0,0,1,1,1,0,0,0,0,1,0,0,0,0,1,1,1,0,0,1,0,0,1,1,1,1,1,0,1,1,1,0,0,0,0,0,0,0,1,0,1,0,1,1,1,5.9
0,1,0,0,0,0,1,1,1,0,0,0,1,0,0,1,1,1,0,1,1,1,1,0,0,0,1,1,1,1,1,1,1,1,1,0,1,0,1,0,1,1,1,1,1,1,1,1,1,7.58
0,1,0,0,0,0,1,1,0,0,0,0,1,0,0,1,1,1,0,1,1,1,1,0,1,0,1,1,1,1,0,1,1,1,1,1,1,0,1,0,1,1,1,1,1,1,1,1,1,7.15
0,1,0,0,0,1,1,0,1,1,1,1,0,1,0,0,1,0,0,0,0,0,1,0,0,1,0,1,0,1,0,1,0,1,1,0,1,1,0,0,0,1,0,1,1,0,1,0,1,6.13
0,1,0,1,0,0,1,0,1,0,0,1,1,0,0,1,1,0,0,1,1,1,1,0,1,0,1,1,0,0,0,1,1,1,1,0,1,0,1,0,1,1,1,0,0,1,1,1,1,5.85
0,0,1,0,0,0,0,1,0,0,0,0,0,1,0,0,0,0,0,0,0,0,0,0,0,0,0,0,1,0,0,0,1,0,0,0,0,0,0,1,0,0,0,0,1,0,1,1,1,7.51
0,0,1,0,0,0,0,1,1,1,0,0,1,1,0,0,1,0,1,0,1,0,0,0,1,0,0,1,1,0,0,1,1,1,1,1,1,0,1,1,1,1,1,0,1,1,1,1,1,7.8
0,0,1,0,0,0,0,1,0,0,0,0,0,1,0,0,1,1,0,0,0,0,0,0,0,0,0,0,1,0,0,0,1,0,0,1,0,0,0,1,0,0,1,1,1,1,1,1,1,7.09
0,0,1,0,0,0,0,1,0,0,0,0,0,1,0,0,0,0,0,0,0,0,0,0,0,0,0,0,1,0,0,0,1,0,0,1,0,0,0,1,1,0,1,0,1,0,1,1,1,6.75
0,0,1,0,0,0,0,1,0,0,0,0,0,1,0,0,1,0,0,0,0,0,0,0,0,0,0,0,1,0,0,0,1,0,0,1,0,0,0,1,0,0,1,0,1,1,1,1,1,7.919999999999999
0,0,1,0,0,0,0,1,0,0,0,0,0,1,0,0,0,0,0,0,0,0,0,0,0,0,0,0,1,0,0,0,1,0,0,0,0,0,0,1,0,0,0,0,1,0,1,1,1,7.43
0,0,1,0,0,0,0,1,0,0,0,0,0,1,0,0,0,0,0,0,0,0,0,0,0,0,0,0,1,0,0,0,1,0,0,0,0,0,0,1,0,0,0,0,1,0,1,1,1,8.1
0,0,1,0,0,0,1,1,0,0,0,0,0,1,0,0,0,0,1,0,1,0,0,0,0,0,0,0,1,0,0,0,1,0,0,0,0,0,0,1,0,0,0,0,1,0,1,1,1,7.89
0,1,1,0,0,0,1,1,0,0,0,0,0,1,0,0,0,0,1,0,1,0,0,0,0,0,0,0,1,0,0,0,1,0,0,1,0,1,0,1,0,1,0,0,1,1,1,1,1,7.25
0,0,1,0,0,0,0,1,1,1,0,0,1,1,0,0,1,1,1,0,1,0,0,0,1,0,0,1,1,0,0,1,1,1,1,0,1,0,1,0,1,1,1,1,1,1,1,1,1,5.3
0,0,1,0,0,0,0,1,0,0,0,0,0,1,0,0,1,1,0,0,0,0,0,0,0,0,0,0,1,0,0,0,1,0,0,0,0,0,0,0,0,0,1,1,1,1,1,1,1,4.68
0,0,0,0,0,0,0,1,0,0,0,0,0,0,0,1,0,0,0,0,0,0,0,0,1,0,1,0,1,0,0,0,1,0,0,1,1,0,0,1,1,0,1,0,1,0,1,1,1,7.32
0,0,1,0,0,0,0,1,1,1,0,0,1,1,0,0,1,0,1,0,1,0,0,0,1,0,0,1,1,0,0,1,1,1,1,1,1,0,1,1,1,1,1,0,1,1,1,1,1,7.545
0,1,0,0,0,1,1,0,1,1,1,1,0,1,0,0,1,0,0,0,0,0,1,0,0,1,0,1,0,0,0,1,0,1,1,0,1,1,0,0,0,1,0,1,1,0,1,0,1,6.47
0,1,0,1,0,0,1,0,1,0,0,1,1,0,0,1,1,1,0,1,1,1,1,0,1,1,0,1,0,0,0,1,0,1,1,0,1,0,1,0,0,1,1,1,0,1,0,1,1,5.37
0,1,0,0,0,0,1,0,1,1,0,1,1,0,0,0,1,1,0,0,1,1,1,0,0,0,0,1,0,1,1,1,0,0,0,0,0,1,0,0,0,1,0,1,1,1,1,0,1,5.62
0,1,0,0,0,0,1,0,1,1,0,1,1,0,0,1,1,1,0,1,1,1,1,0,1,0,0,1,0,1,1,1,0,1,1,1,0,0,1,0,0,1,0,1,1,1,1,1,1,6.88
0,1,0,0,0,0,1,0,1,1,0,1,1,0,0,1,1,1,0,1,1,1,1,0,1,0,0,1,0,1,1,1,0,0,0,0,1,0,1,0,0,1,0,1,1,1,1,1,1,7.3
0,1,0,0,0,0,1,0,1,1,0,1,1,0,0,1,1,1,0,0,1,1,1,0,1,0,0,1,0,1,1,1,0,1,0,0,0,0,0,0,0,1,0,1,1,1,1,0,1,5.64
0,0,0,0,0,0,1,0,1,1,0,1,1,0,0,0,1,1,0,0,0,0,1,0,0,0,0,1,1,1,0,0,0,0,1,1,0,0,0,1,0,1,1,0,1,0,1,1,1,6.0
0,1,0,0,0,0,1,0,1,0,1,1,1,0,0,1,1,1,0,1,1,1,1,0,1,1,0,1,0,1,0,1,0,0,0,0,1,0,1,0,0,1,0,1,0,1,1,1,1,6.89
0,0,0,0,1,1,1,1,1,1,0,1,0,1,0,1,1,1,1,0,0,0,1,1,1,0,0,1,1,0,1,1,0,0,0,1,0,1,1,1,1,1,1,0,1,1,0,1,1,6.22
0,0,0,0,1,1,1,1,1,1,0,1,0,1,0,1,1,1,1,0,0,0,1,1,1,0,0,1,1,0,1,1,0,0,0,1,0,1,1,1,1,1,1,0,1,1,0,1,1,6.52
0,0,0,0,1,1,1,1,1,1,1,1,0,1,0,1,1,1,1,0,0,0,1,1,1,0,0,1,1,0,1,1,0,0,0,1,0,1,1,1,1,1,1,0,1,1,0,1,1,6.3
0,0,0,0,0,0,1,0,1,1,0,1,1,0,0,0,1,1,0,0,1,0,1,0,0,0,0,1,1,0,0,1,0,1,1,1,0,1,0,1,0,1,0,0,0,1,1,1,1,5.68
0,1,1,1,0,0,1,0,1,0,0,0,1,1,1,0,1,1,0,1,1,1,1,0,0,1,1,1,1,0,0,1,1,1,1,0,1,0,1,0,1,1,1,0,1,0,1,1,1,7.22
0,1,1,0,0,0,1,0,1,0,0,0,1,1,1,0,1,1,0,1,1,1,1,0,0,0,1,1,1,0,0,1,1,1,1,0,0,0,1,0,1,1,1,0,1,1,1,1,1,6.26
0,0,0,0,0,0,1,0,1,1,0,1,1,0,0,0,1,1,0,0,1,0,1,0,0,0,0,1,1,0,0,1,1,1,1,0,0,0,1,1,1,1,1,0,0,0,1,1,1,5.7
0,1,0,0,0,0,1,0,1,0,0,1,1,0,0,1,1,1,0,1,1,1,1,0,1,0,0,1,0,0,1,1,1,1,1,0,1,0,1,0,0,1,1,0,0,1,0,1,1,5.38
0,0,0,0,1,0,0,1,0,0,0,0,1,1,1,0,0,1,0,0,1,0,0,1,0,0,1,0,1,1,0,0,1,0,0,0,1,0,0,0,1,0,1,0,1,0,1,1,1,5.28
0,1,0,0,0,1,1,0,1,1,1,1,0,1,0,0,1,1,1,0,0,0,1,0,0,1,0,1,1,0,0,1,1,0,1,0,1,1,0,0,0,1,0,1,1,0,0,1,1,6.7
0,1,0,0,0,1,1,0,0,1,0,1,0,0,0,0,0,1,0,0,0,0,0,0,1,0,0,1,1,0,0,1,1,0,0,0,0,0,0,0,0,1,0,1,0,1,1,0,1,4.18
0,0,1,0,0,1,1,0,1,1,0,1,0,0,0,0,0,1,0,0,0,0,0,0,0,0,0,0,1,0,0,1,1,0,0,0,0,0,0,0,0,1,0,0,0,0,1,0,1,5.39
0,0,0,0,0,1,1,0,1,1,0,1,0,0,0,0,0,1,0,0,0,0,0,0,0,0,0,0,1,0,0,1,1,0,0,0,0,0,0,0,0,1,0,1,0,0,1,0,1,6.52
0,0,0,0,0,1,1,0,1,1,0,1,0,0,0,0,0,1,0,0,0,0,0,0,0,0,0,0,1,0,0,1,1,0,0,0,0,0,0,0,0,1,0,0,0,0,1,0,1,5.95
0,0,0,0,0,0,1,0,1,1,0,1,1,0,0,0,1,1,0,0,1,0,1,0,0,0,0,1,1,0,0,1,1,1,1,0,0,0,0,1,0,1,1,0,0,0,1,1,1,6.43
0,1,0,1,0,1,1,0,1,0,0,0,1,0,0,1,1,1,0,1,1,1,1,0,1,0,0,1,1,0,0,1,1,1,1,0,1,0,1,0,0,1,1,0,0,1,0,1,1,5.66
0,1,0,0,0,1,1,0,1,0,0,1,1,0,0,0,1,1,0,1,1,1,0,0,0,0,0,1,1,0,0,1,1,0,1,0,0,1,1,0,0,1,1,1,0,1,0,1,1,5.44
0,0,0,0,0,1,0,0,1,0,0,1,1,1,0,0,1,1,0,0,0,0,0,1,0,0,0,1,1,0,0,0,1,1,1,0,1,0,0,0,0,0,0,0,1,0,1,1,1,4.9
1,0,0,0,0,1,1,0,1,1,0,1,0,0,0,0,0,1,0,0,0,0,0,0,0,0,0,0,1,0,0,1,1,0,0,0,0,0,0,0,0,1,0,0,0,0,1,0,1,5.72
0,1,0,0,0,1,1,0,1,1,1,1,0,1,0,0,1,1,0,0,0,0,1,0,0,1,0,1,1,0,0,1,1,0,1,0,1,1,0,0,0,1,0,1,1,0,0,1,1,5.52
0,1,0,1,0,1,1,0,1,0,0,0,1,0,0,1,1,1,0,1,1,1,1,0,1,0,0,1,1,0,0,1,1,1,1,0,1,0,1,0,0,1,1,0,0,1,0,1,1,5.62
0,1,0,0,0,1,1,0,1,1,1,1,0,0,0,0,1,1,0,1,0,0,1,0,0,1,0,1,1,0,0,1,1,0,1,0,1,1,0,0,0,1,0,1,1,0,0,1,1,5.64
0,1,0,1,0,1,1,0,1,0,0,1,1,0,0,1,1,1,0,1,1,1,1,0,1,0,0,1,1,0,0,1,1,1,1,0,1,0,1,0,0,1,1,0,1,1,0,1,1,5.84
0,1,0,1,0,1,1,0,1,0,0,0,1,0,0,1,1,1,0,1,1,1,1,0,1,0,0,1,1,0,0,1,1,1,1,0,1,0,1,0,0,1,1,0,1,1,0,1,1,5.69
0,1,0,1,0,1,1,0,1,0,0,0,1,0,0,1,1,1,0,1,1,1,1,0,1,0,0,1,1,0,0,1,1,1,1,0,1,0,1,0,0,1,1,0,1,1,0,1,1,6.09
0,1,0,0,0,1,1,0,1,0,0,1,1,0,0,0,1,1,0,1,1,1,0,0,0,0,0,1,1,0,0,1,1,0,1,0,0,1,1,0,0,1,1,1,1,1,0,1,1,5.46
0,1,0,0,0,1,1,0,1,0,0,0,1,0,0,1,1,1,0,1,1,1,1,0,1,0,0,1,1,0,0,1,1,1,1,0,1,0,1,0,0,1,1,0,1,1,0,1,1,5.87
0,0,1,0,0,1,0,0,1,0,0,1,1,1,0,0,1,1,0,0,0,0,0,0,0,0,0,1,1,0,0,0,1,1,1,0,1,0,0,0,0,0,0,0,1,0,1,1,1,5.24
0,0,1,0,0,1,0,0,1,0,0,1,1,1,0,0,1,1,0,0,0,0,0,0,0,0,0,1,1,0,0,0,1,1,1,0,1,0,0,0,0,0,0,0,1,0,1,1,1,5.52
0,0,0,0,0,1,0,0,1,0,0,1,1,1,0,0,1,1,0,0,0,0,0,1,0,0,0,1,1,0,0,0,1,1,1,0,1,0,0,0,0,0,0,0,1,0,1,1,1,6.3
0,0,1,0,0,1,0,0,1,0,0,1,1,1,0,0,1,1,0,0,0,0,0,0,0,0,0,1,1,0,0,0,1,1,1,0,1,0,0,0,0,0,0,0,1,0,1,1,1,5.34
0,1,0,1,0,0,1,0,1,0,0,0,1,0,0,1,1,1,0,1,1,1,1,0,1,1,0,1,1,0,0,1,1,1,1,0,1,0,1,0,0,1,1,0,1,1,1,1,1,5.58
0,1,0,0,0,1,1,0,1,0,1,1,1,0,0,1,1,1,1,1,1,1,1,0,1,0,0,1,1,0,0,1,1,1,1,0,1,1,1,0,0,1,1,0,1,1,0,1,1,5.92
0,1,0,1,0,1,1,0,1,0,0,1,1,0,0,1,1,1,0,1,1,1,1,0,1,0,0,1,1,0,0,1,1,1,1,0,1,0,1,0,0,1,1,0,1,1,0,1,1,5.89
0,1,0,1,0,1,1,0,1,0,0,0,1,0,0,1,1,1,0,1,1,1,1,0,1,0,0,1,1,0,0,1,1,1,1,0,1,0,1,0,0,1,1,0,1,1,0,1,1,5.7
1,1,0,1,0,1,1,0,1,0,0,1,1,0,0,1,1,1,0,1,1,1,1,0,1,0,0,1,1,0,0,1,1,1,1,0,1,0,1,0,0,1,1,0,1,1,0,1,1,5.99
0,0,0,0,0,0,0,0,1,0,0,0,1,0,0,0,0,1,1,0,0,0,0,0,0,1,0,0,0,0,0,0,1,0,0,0,1,0,1,0,0,0,1,0,0,0,0,1,1,6.0
0,0,0,0,0,0,1,0,1,1,0,1,1,0,0,0,1,1,0,0,1,0,1,0,0,0,0,1,1,0,0,1,0,1,1,0,0,0,1,1,1,1,1,0,0,0,1,1,1,6.48
0,1,0,0,0,0,1,0,0,0,1,1,1,0,0,1,1,1,0,1,1,1,1,0,1,0,0,1,0,1,1,1,0,0,0,1,1,0,1,0,0,1,0,1,1,1,1,1,1,7.3
0,1,1,0,0,1,1,0,1,1,1,1,0,1,0,0,1,1,0,0,0,0,1,0,0,1,0,1,0,0,0,1,0,0,1,0,1,1,0,0,0,1,0,1,1,0,0,0,1,5.28
0,1,0,0,0,1,1,0,1,1,1,1,0,1,0,0,1,0,0,0,0,0,1,0,0,1,0,1,0,0,0,1,0,0,1,0,1,1,0,0,0,1,0,1,1,0,0,0,1,5.76
0,1,0,0,0,1,1,0,1,1,1,1,0,1,0,0,1,1,0,0,0,0,1,0,0,1,0,1,0,0,0,1,0,0,1,0,1,1,0,0,0,1,0,1,1,0,0,0,1,6.76
0,1,0,0,0,1,1,0,1,1,1,1,0,1,0,0,1,1,0,0,0,0,1,0,0,1,0,1,0,0,0,1,0,0,1,0,1,1,0,0,0,1,0,1,1,0,0,0,1,7.03
0,1,0,0,1,1,1,0,1,1,1,1,1,0,0,0,1,0,1,1,1,1,1,0,1,1,0,1,0,0,0,1,0,0,0,0,1,1,1,0,0,1,1,0,1,1,1,1,1,6.07
0,1,0,0,1,1,1,0,1,0,0,1,1,1,0,1,1,0,0,1,1,1,1,1,1,1,0,1,0,0,0,1,0,0,0,0,1,0,1,0,0,1,1,0,1,1,0,1,1,6.69
0,1,0,0,1,1,1,0,1,0,0,1,1,0,0,1,1,0,0,1,1,1,1,0,1,1,0,1,0,0,0,1,0,0,0,0,1,0,1,0,0,1,1,0,1,1,0,1,1,6.85
1,1,0,0,0,1,1,0,1,0,0,1,1,0,0,1,1,0,0,1,1,1,1,0,1,1,0,1,0,0,0,1,0,0,0,0,1,0,1,0,0,1,0,0,1,1,0,1,1,6.15
0,1,0,0,1,1,1,0,1,1,1,1,1,0,0,1,1,1,1,1,1,1,1,0,1,1,0,1,0,1,0,1,0,0,0,0,1,0,1,0,0,1,1,1,1,1,0,1,1,6.95
0,1,0,0,1,1,1,0,1,1,1,1,1,0,0,1,1,0,1,1,1,1,1,0,0,1,1,1,0,0,0,1,0,1,1,0,1,0,1,0,1,1,1,0,1,1,1,1,1,7.24
0,1,0,0,1,1,1,0,1,1,1,1,1,0,0,1,1,0,1,1,1,1,1,0,1,1,1,1,0,0,0,1,0,1,1,0,1,0,1,0,1,1,1,0,1,1,1,1,1,6.54
0,1,0,0,1,1,1,0,1,1,1,1,1,0,0,1,1,0,1,1,1,1,1,0,1,1,0,1,0,0,0,1,0,0,0,1,1,0,1,0,0,1,1,0,1,1,0,1,1,6.42
0,1,0,0,1,1,1,0,1,1,1,1,1,0,0,1,1,0,0,1,1,1,1,0,1,1,0,1,0,0,0,1,0,0,0,1,1,0,1,0,0,1,1,0,1,1,0,1,1,6.5
0,1,0,0,1,0,1,0,1,0,0,1,1,0,0,1,1,1,1,1,1,1,1,0,0,0,0,1,0,1,1,1,0,1,1,0,1,0,1,0,0,1,1,1,1,1,1,1,1,7.7
1,1,1,0,0,0,1,0,1,0,0,1,1,1,0,1,1,1,0,1,1,1,1,0,0,0,0,1,0,1,1,1,0,1,1,0,0,0,1,0,0,1,0,1,1,1,1,1,1,7.55
1,1,0,0,0,0,1,0,1,0,0,1,1,0,0,1,1,1,0,1,1,1,1,0,0,0,0,1,0,1,1,1,0,1,1,0,0,0,1,0,0,1,0,1,1,1,1,1,1,7.85
0,1,0,0,1,0,1,0,0,0,0,1,1,0,0,1,1,1,1,1,1,1,1,0,1,0,0,1,0,1,1,1,0,1,1,1,1,0,1,0,0,1,1,1,1,1,1,1,1,7.31
1,1,0,0,0,0,1,0,0,0,0,1,1,0,0,1,1,1,0,1,1,1,1,0,1,0,0,1,0,1,1,1,0,1,1,1,0,0,1,0,0,1,0,1,1,1,1,1,1,7.32
0,1,0,0,0,0,1,0,1,0,1,1,1,0,0,1,1,1,0,1,1,1,1,0,1,1,0,1,0,1,1,1,0,0,0,0,1,0,1,0,0,1,0,1,1,1,1,1,1,7.055
0,1,0,0,1,0,1,0,0,0,0,1,1,0,0,1,1,1,1,1,1,1,1,0,1,0,0,1,0,1,1,1,0,0,0,0,1,0,1,0,0,1,1,1,1,1,1,1,1,7.586666666666667
1,1,0,0,0,0,1,0,0,0,0,1,1,0,0,1,1,1,0,1,1,1,1,0,1,0,0,1,0,1,1,1,0,0,0,0,1,0,1,0,0,1,0,1,1,1,1,1,1,7.52
1,1,0,0,1,0,1,0,1,1,1,1,1,0,0,1,1,1,1,1,1,1,1,0,0,0,1,1,0,1,1,1,0,1,1,0,1,0,1,0,0,1,1,1,1,1,1,1,1,7.58
0,1,0,0,0,1,1,0,1,1,1,1,0,1,0,0,1,1,0,0,0,0,1,1,0,1,0,1,0,0,0,1,0,0,1,0,1,1,0,0,0,1,0,1,1,0,0,0,1,6.37
0,1,1,0,0,1,1,0,1,1,1,1,0,0,0,0,1,1,0,0,0,0,1,0,0,1,0,1,0,0,0,1,0,0,1,0,1,1,0,0,0,1,0,1,1,0,0,0,1,6.2
0,1,0,0,0,1,1,0,1,1,1,1,0,0,0,0,1,1,0,0,0,0,1,0,0,1,0,1,0,0,0,1,0,0,1,0,1,1,1,0,0,1,1,1,1,0,0,1,1,5.82
0,1,0,0,0,1,1,0,1,1,1,1,0,0,0,0,1,1,0,1,0,0,1,0,0,1,0,1,1,0,0,1,0,0,1,0,1,1,0,1,0,1,0,1,1,0,0,1,1,6.19
0,0,0,0,1,0,0,1,0,0,0,0,0,0,1,0,0,0,0,1,1,0,0,0,0,0,1,0,1,0,0,0,1,0,0,0,1,1,1,0,1,0,1,0,1,0,1,1,1,5.45
0,0,0,0,0,0,1,0,1,1,0,1,1,0,0,0,1,0,0,0,1,0,1,0,0,0,0,1,1,0,0,1,0,1,1,1,0,0,0,1,0,1,1,1,1,0,1,1,1,5.54
0,0,0,0,0,0,1,0,1,1,0,1,1,0,0,0,1,0,0,0,1,0,1,0,0,0,0,1,1,0,0,1,0,1,1,1,0,0,0,1,0,1,1,0,1,0,1,1,1,6.75
0,1,0,0,0,1,1,0,1,0,1,0,1,0,0,1,1,0,0,1,1,1,1,0,1,0,0,1,0,0,0,1,0,0,0,0,1,0,1,0,0,1,0,0,0,1,0,1,1,6.62
0,1,0,0,0,0,1,0,1,1,0,1,1,0,0,0,1,1,0,0,1,1,1,0,0,0,0,1,0,1,1,1,0,0,0,0,0,1,0,0,0,1,0,1,1,1,1,0,1,6.04
0,0,0,0,0,0,1,1,0,0,0,0,0,1,0,0,0,0,1,1,1,0,0,1,1,0,1,1,1,0,0,0,1,0,0,0,0,0,0,0,0,0,1,0,1,1,1,1,1,6.4
0,0,0,0,0,0,1,1,1,0,0,0,0,1,0,0,0,1,1,1,1,0,0,1,0,0,1,1,1,0,1,0,1,0,0,0,0,0,0,0,0,0,1,1,1,0,1,1,1,6.96
0,0,0,0,0,1,1,1,1,0,0,0,0,1,0,0,0,0,1,1,1,0,0,1,0,0,1,1,1,0,0,0,1,1,0,0,0,1,0,0,0,0,1,0,1,0,1,1,1,6.33
0,0,0,0,0,0,1,1,1,0,0,0,0,1,0,0,0,0,1,1,1,0,0,1,0,0,1,1,1,0,0,0,1,0,1,0,0,0,0,0,0,0,1,0,1,0,1,1,1,6.19
0,0,0,0,1,0,0,1,0,0,0,0,0,1,1,0,0,0,0,0,1,1,0,1,0,0,0,0,1,0,0,0,1,0,0,0,0,0,0,0,0,0,1,0,1,0,0,1,1,5.31
0,0,0,0,1,0,1,1,0,0,0,0,0,1,1,0,0,0,0,0,1,1,0,1,0,0,0,0,1,0,0,1,1,0,0,0,0,0,0,0,0,0,1,0,1,0,0,1,1,5.53
0,0,0,0,1,0,0,1,0,0,0,1,0,1,1,0,0,0,0,0,1,1,0,1,0,0,0,0,1,0,0,1,1,0,0,0,0,0,0,0,1,0,1,0,1,0,0,1,1,5.41
1,0,0,0,1,0,0,1,0,0,0,1,0,1,1,0,0,0,0,0,1,1,0,1,0,0,0,0,1,0,0,1,1,0,0,0,0,0,0,0,0,0,1,0,1,0,0,1,1,5.34
0,0,0,0,1,0,0,1,0,0,0,1,0,1,1,0,0,0,0,0,1,1,0,1,0,0,0,0,1,0,0,1,1,0,0,0,0,0,0,0,1,0,1,0,1,0,0,1,1,5.61
1,0,0,0,1,0,0,1,0,0,0,1,0,1,1,0,0,0,0,0,1,1,0,1,0,0,0,0,1,0,0,1,1,0,0,0,0,0,0,0,0,0,1,0,1,0,0,1,1,5.51
0,0,0,0,1,0,1,1,0,0,0,1,0,1,1,0,0,0,0,0,1,1,0,1,0,0,0,0,1,0,0,1,1,0,0,0,0,0,0,0,0,0,1,0,1,1,0,1,1,5.24
0,0,0,0,1,0,0,1,0,0,0,0,0,1,1,0,0,0,0,0,1,0,0,1,0,0,1,0,1,0,0,0,1,0,0,0,1,0,0,0,1,0,1,0,1,0,1,1,1,6.35
0,1,0,0,0,1,1,0,1,0,0,1,1,0,0,1,1,0,0,1,1,1,1,0,1,0,0,1,0,0,1,1,0,1,1,0,1,0,1,0,0,1,0,0,1,1,1,1,1,4.65
0,0,0,0,0,0,1,0,1,1,0,1,1,0,1,0,1,0,0,1,1,0,1,0,0,0,0,1,1,0,0,1,0,1,1,1,0,0,0,1,0,1,1,0,1,0,1,1,1,6.92
0,0,0,0,0,0,1,0,1,1,0,1,1,0,0,0,1,0,0,0,1,0,1,0,0,0,0,1,1,0,0,1,0,1,1,0,0,0,0,1,0,1,0,0,0,0,1,1,1,6.62
0,1,0,1,1,1,1,0,1,0,0,1,1,0,0,1,1,0,0,1,1,1,1,0,1,0,0,1,0,0,0,1,0,1,1,0,1,0,1,0,0,1,1,0,0,1,0,1,1,5.8
1,1,0,0,1,1,1,0,0,1,0,1,0,0,0,0,1,0,1,1,0,0,0,0,0,0,0,1,0,0,0,1,0,0,0,0,1,0,0,0,0,1,0,0,0,0,1,0,1,4.29
1,1,0,0,1,1,1,0,0,1,0,1,0,0,0,0,1,0,1,1,0,0,0,0,0,0,0,1,0,0,0,1,0,0,0,0,0,0,0,0,0,1,0,0,0,0,1,0,1,4.29
1,0,0,0,0,1,1,0,1,1,0,1,0,0,0,0,0,0,0,0,0,0,0,0,0,0,0,0,0,0,0,1,0,0,0,0,0,0,0,0,0,1,0,0,0,0,1,0,1,5.91
1,0,0,0,0,1,1,0,1,1,0,1,0,0,0,0,0,0,0,0,0,0,0,0,0,0,0,0,0,0,0,1,0,0,0,0,0,0,0,0,0,1,0,0,0,0,1,0,1,6.52
0,1,0,0,0,0,1,0,1,0,0,0,1,0,0,1,1,0,0,1,1,1,1,0,1,0,1,1,1,0,0,1,1,1,0,0,1,0,1,0,0,1,1,0,0,1,1,1,1,6.04
0,0,0,0,0,0,1,1,0,0,0,0,0,0,0,0,0,0,1,1,1,0,0,0,1,0,1,1,1,0,0,0,1,0,0,0,0,0,0,0,0,0,1,1,1,1,1,1,1,5.94
0,0,0,0,0,0,1,1,1,0,0,0,0,0,0,0,0,1,1,1,1,0,0,0,0,0,1,1,1,0,1,0,1,0,0,0,0,0,0,0,0,0,1,1,1,0,1,1,1,7.1
0,0,0,0,0,1,1,1,1,0,0,0,0,0,0,0,0,0,1,1,1,0,0,0,0,0,1,1,1,0,0,0,1,1,0,0,0,1,0,0,0,0,1,1,1,0,1,1,1,5.5
0,0,0,0,0,0,1,1,1,0,0,0,0,0,0,0,0,0,1,1,1,0,0,0,0,0,1,1,1,0,0,0,1,0,1,0,0,0,0,0,0,0,1,1,1,0,1,1,1,5.57
0,0,0,0,1,0,0,1,0,0,0,0,0,0,1,0,0,0,0,0,1,1,0,0,0,0,0,0,1,0,0,0,1,0,0,0,0,0,0,0,0,0,1,1,1,0,0,1,1,5.27
0,0,0,0,1,0,1,1,0,0,0,0,0,0,1,0,0,0,0,0,1,1,0,0,0,0,0,0,1,0,0,1,1,0,0,0,0,0,0,0,0,0,1,1,1,0,0,1,1,5.46
0,0,0,0,1,0,0,1,0,0,0,1,0,0,1,0,0,0,0,0,1,1,0,0,0,0,0,0,1,0,0,1,1,0,0,0,0,0,0,0,1,0,1,1,1,0,0,1,1,5.64
0,0,0,0,1,0,0,1,0,0,0,0,0,0,1,0,0,0,0,0,1,0,0,0,0,0,1,0,1,0,0,0,1,0,0,0,1,0,0,0,1,0,1,1,1,0,1,1,1,6.42
0,0,0,0,0,0,1,0,1,0,0,0,0,1,0,0,0,0,0,1,1,0,0,1,0,0,0,0,1,0,1,0,0,1,0,0,0,0,0,0,0,0,0,0,1,0,1,0,1,6.47
1,0,0,0,0,0,1,0,1,0,0,1,0,1,0,0,0,0,0,1,1,0,0,1,0,0,0,0,1,0,1,1,0,1,0,0,0,0,0,0,0,0,0,0,1,0,1,0,1,6.46
1,0,0,0,0,1,1,0,1,1,0,1,0,0,0,0,0,0,0,0,0,0,0,0,0,1,0,0,0,0,0,1,0,0,0,0,0,0,0,0,0,1,0,0,0,0,1,0,1,5.37
0,1,0,0,0,1,1,0,1,1,1,1,0,0,0,0,1,1,0,0,0,0,1,0,0,1,0,1,0,0,0,1,0,0,1,0,1,1,0,0,0,1,0,1,1,0,0,0,1,5.24
0,1,0,0,0,1,1,0,1,1,1,1,0,1,0,0,1,1,0,0,0,0,1,0,0,1,0,1,0,0,0,1,0,0,1,0,1,1,0,0,0,1,0,1,1,0,0,0,1,5.77
0,1,0,0,0,1,1,0,1,1,1,1,0,0,0,0,1,1,0,0,0,0,1,0,0,1,0,1,0,0,0,1,0,0,1,0,1,1,0,0,0,1,0,1,1,0,0,0,1,6.01
0,1,0,0,0,1,1,0,1,1,1,1,0,1,0,0,1,1,0,0,0,0,1,1,0,1,0,1,0,0,0,1,0,0,1,0,1,1,0,0,0,1,0,1,1,0,0,0,1,5.93
0,1,0,0,0,0,1,0,1,0,1,1,1,0,0,1,1,1,0,1,1,1,1,0,1,1,0,1,0,1,1,1,0,0,0,0,1,0,1,0,0,1,0,1,1,1,1,1,1,7.7
0,1,0,1,0,1,1,0,1,0,0,1,1,0,0,1,1,0,0,1,1,1,1,0,1,1,0,1,0,0,0,1,0,1,1,0,1,0,1,0,0,1,0,0,1,1,0,1,1,5.92
1,0,0,0,0,1,1,0,1,1,0,1,0,0,0,0,0,0,0,0,0,0,0,0,0,0,0,0,0,0,1,1,0,0,0,0,0,0,0,0,0,1,0,0,1,0,1,0,1,4.44
0,1,0,0,0,1,1,0,1,1,1,1,0,0,0,0,1,1,0,0,0,0,1,0,0,1,0,1,0,0,0,1,0,0,1,0,1,1,0,0,0,1,0,1,1,0,0,0,1,5.62
0,1,0,0,0,1,1,0,1,0,1,1,1,0,0,1,1,0,0,1,1,1,1,0,1,1,0,1,0,0,0,1,0,1,1,0,1,1,1,0,0,1,0,0,1,1,0,1,1,6.03
0,1,0,0,0,0,1,0,1,0,0,0,1,0,0,1,1,0,0,1,1,1,1,0,1,1,1,1,1,0,0,1,1,1,0,0,1,0,1,0,0,1,1,0,1,1,1,1,1,6.75
1,1,0,1,0,1,1,0,1,0,0,1,1,0,0,1,1,0,0,1,1,1,1,0,1,0,0,1,0,0,0,1,0,1,1,0,1,0,1,0,0,1,0,0,0,1,0,1,1,5.81
1,1,0,1,0,1,1,0,1,0,0,1,1,0,0,1,1,0,0,1,1,1,1,0,1,1,0,1,0,0,0,1,0,1,1,0,1,0,1,0,0,1,0,0,1,1,0,1,1,5.84
0,1,0,0,1,1,1,0,0,1,0,1,0,0,0,1,1,0,1,1,1,1,1,0,1,0,0,1,0,0,0,1,0,0,0,0,1,0,1,0,0,1,1,0,0,1,0,1,1,6.82
0,1,0,0,1,1,1,0,1,1,0,1,0,0,0,1,1,0,1,1,1,1,1,0,1,0,0,1,0,0,0,1,0,1,1,0,1,0,1,0,0,1,1,0,1,1,0,1,1,5.39
0,1,0,0,1,1,1,0,1,1,1,1,1,0,0,1,1,0,1,1,1,1,1,0,1,0,0,1,0,0,0,1,0,0,0,0,1,0,1,0,0,1,1,0,0,1,0,1,1,6.82
1,1,0,1,0,1,1,0,1,0,1,1,1,0,0,1,1,0,0,1,1,1,1,0,1,0,0,1,0,0,0,1,0,1,1,0,1,0,1,0,0,1,0,0,0,1,0,1,1,5.97
0,1,0,1,1,1,1,0,1,0,0,1,1,0,0,1,1,0,0,1,1,1,1,0,1,1,0,1,0,0,0,1,0,1,1,0,1,0,1,0,0,1,1,1,1,1,0,1,1,5.9
0,1,0,0,0,1,1,1,1,1,1,1,0,0,0,0,1,1,0,1,0,0,1,0,0,1,0,1,1,0,0,1,0,0,1,1,1,1,0,1,0,1,1,0,1,0,0,1,1,5.29
0,1,0,0,0,1,1,0,1,1,1,1,0,1,0,0,1,1,0,0,0,0,1,1,0,1,0,1,0,0,0,1,0,0,1,0,1,1,0,0,0,1,0,0,1,0,0,0,1,6.48
0,1,1,0,0,1,1,0,1,1,1,1,0,1,0,0,1,1,0,0,0,0,1,0,0,1,0,1,0,0,0,1,0,0,1,0,1,1,0,0,0,1,0,0,1,0,0,0,1,6.32
0,1,0,0,0,1,1,0,1,1,1,1,0,1,0,0,1,1,1,0,0,0,1,0,0,1,0,1,1,0,0,1,0,0,1,0,1,1,0,1,0,1,0,0,1,0,0,1,1,5.73
0,1,0,0,0,1,1,0,1,1,1,1,0,1,0,0,1,1,0,0,0,0,1,1,0,1,0,1,0,0,0,1,0,0,1,0,1,1,0,0,0,1,0,0,1,0,0,0,1,5.45
0,1,0,0,0,1,1,0,1,1,1,1,0,1,0,0,1,1,0,0,0,0,1,1,0,1,0,1,0,0,0,1,0,0,1,0,1,1,0,0,0,1,0,0,1,0,0,0,1,6.64
0,1,0,0,0,1,1,0,1,1,1,1,0,1,0,0,1,1,0,0,0,0,1,1,0,1,0,1,0,0,0,1,0,0,1,0,1,1,0,0,0,1,0,0,1,0,0,0,1,6.3
0,1,1,0,0,1,1,0,1,1,1,1,0,1,0,0,1,1,0,0,0,0,1,1,0,1,0,1,0,0,0,1,0,0,1,0,1,1,0,0,0,1,0,0,1,0,0,0,1,6.24
0,1,1,0,0,1,1,0,1,1,1,1,0,1,0,0,1,1,0,0,0,0,1,0,0,1,0,1,0,0,0,1,0,0,1,0,1,1,0,0,0,1,0,0,1,0,0,0,1,5.56
0,1,1,0,0,1,1,0,1,1,1,1,0,1,0,0,1,1,0,0,0,0,1,0,0,1,0,1,0,0,0,1,0,0,1,0,1,1,0,0,0,1,0,0,1,0,0,0,1,6.64
0,1,0,0,0,1,1,0,1,1,1,1,0,0,0,0,1,1,0,0,0,0,1,0,0,1,0,1,0,0,0,1,0,0,1,0,1,1,0,0,0,1,0,0,1,0,0,0,1,5.97
0,1,0,1,0,1,1,0,1,0,1,1,1,0,0,1,1,1,0,1,1,1,1,0,1,0,0,1,0,0,0,1,0,1,1,0,1,0,1,0,0,1,0,0,0,1,0,1,1,5.81
0,0,0,0,0,0,1,1,1,0,0,0,0,1,0,0,0,1,1,1,1,0,0,1,0,0,1,1,1,0,1,0,1,0,0,0,0,0,0,0,0,0,1,0,1,0,1,1,1,6.14
0,0,0,0,0,0,1,1,1,0,0,0,0,1,0,0,0,1,1,1,1,0,0,1,0,0,1,1,1,0,1,0,1,0,0,0,0,0,0,0,0,0,1,0,1,0,1,1,1,6.92
0,0,0,0,0,0,1,1,1,0,0,0,0,1,0,0,0,1,1,1,1,0,0,1,0,0,1,1,1,0,1,0,1,0,0,0,0,0,0,0,0,0,1,0,1,0,1,1,1,6.66
0,0,0,0,0,0,1,1,1,0,0,0,0,1,0,0,0,1,1,1,1,0,0,1,0,0,1,1,1,0,1,0,1,0,0,0,0,1,1,0,1,1,1,0,1,0,1,1,1,6.18
0,1,0,0,0,1,1,0,1,1,1,1,0,0,0,0,1,1,0,0,0,0,1,0,0,1,0,1,0,0,0,1,0,0,1,0,1,1,0,0,0,1,0,1,1,0,0,0,1,5.08
0,1,0,1,0,1,1,0,1,0,1,1,1,0,0,1,1,1,0,1,1,1,1,0,1,1,0,1,0,0,0,1,0,1,1,0,1,0,1,0,0,1,0,0,1,1,0,1,1,5.91
1,1,0,1,0,1,1,0,1,0,0,1,1,0,0,1,1,0,0,1,1,1,1,0,1,0,0,1,0,0,0,1,0,1,1,0,1,0,1,0,0,1,0,0,0,1,0,1,0,5.82
0,1,0,1,0,1,1,0,1,0,0,1,1,0,0,1,1,0,0,1,1,1,1,0,1,0,0,1,0,0,0,1,0,1,1,0,1,0,1,0,0,1,0,0,1,1,0,1,0,6.0
0,1,0,1,0,0,1,0,1,0,0,1,1,0,0,1,1,0,0,1,1,1,1,0,1,0,0,1,0,0,0,1,0,1,1,1,1,0,1,0,0,1,1,0,0,1,0,1,0,5.08
0,1,1,1,0,0,1,0,1,0,1,0,1,1,1,1,1,0,0,1,1,1,1,0,0,0,1,1,1,0,0,1,1,1,1,0,1,0,1,0,1,1,1,0,1,1,1,1,0,6.826666666666667
0,0,0,0,0,0,1,0,1,1,0,1,1,0,0,0,1,0,0,0,1,0,1,0,0,0,0,1,1,0,0,1,0,1,1,1,0,1,0,1,0,1,0,0,0,1,1,1,0,6.0
0,1,0,0,0,0,1,0,1,0,0,0,1,0,0,0,1,0,1,0,1,1,0,0,0,0,1,0,0,0,0,1,1,0,1,0,1,1,0,0,0,1,0,0,0,1,1,1,0,5.75
0,0,0,0,0,0,1,0,1,1,0,1,1,0,0,0,1,0,0,0,1,0,1,0,0,0,0,1,1,0,0,1,0,1,1,1,0,1,0,1,0,1,0,0,0,1,1,1,0,6.17
1,0,0,0,0,1,1,0,1,1,0,1,0,0,0,0,0,0,0,0,0,0,0,0,0,0,0,0,0,0,0,1,0,0,0,0,0,1,0,0,0,1,0,0,0,1,1,0,0,5.69
0,0,1,0,1,1,0,1,1,0,0,1,1,1,0,0,1,0,0,0,0,0,1,1,0,0,1,1,1,0,0,1,0,1,1,0,1,0,0,0,0,0,1,0,1,0,1,1,0,5.75
0,0,1,0,1,1,0,1,1,0,0,1,1,1,0,0,1,0,0,0,0,0,1,0,0,0,1,1,1,0,0,1,0,1,1,0,1,0,0,0,0,0,1,0,1,0,1,1,0,5.64
0,0,1,0,0,1,0,0,1,0,0,1,1,1,0,0,1,0,0,0,0,0,0,0,0,0,0,1,0,0,0,0,0,1,1,0,1,0,0,0,0,0,0,0,1,0,1,0,0,5.72
0,0,1,0,1,1,0,1,1,0,0,1,1,1,0,0,1,0,0,0,0,0,1,0,0,0,1,1,1,0,0,1,0,1,1,0,1,0,0,0,0,0,1,0,1,0,1,1,0,5.26
0,0,1,0,0,1,0,0,1,0,0,1,1,1,0,0,1,0,0,0,0,0,0,0,0,0,0,1,0,0,0,0,0,1,1,0,1,0,0,0,0,0,0,0,1,0,1,0,0,5.14
0,0,0,0,1,1,0,1,1,0,0,1,1,1,0,0,1,0,0,0,0,0,1,1,0,0,1,1,1,0,0,1,0,1,1,0,1,0,0,0,0,0,1,0,1,0,1,1,0,5.6
0,0,0,0,0,1,0,0,1,0,0,1,1,1,0,0,1,0,0,0,0,0,0,1,0,0,0,1,0,0,0,0,0,1,1,0,1,0,0,0,0,0,0,0,1,0,1,0,0,4.97
0,0,0,0,0,1,1,0,1,0,1,1,1,1,0,0,1,0,0,0,1,0,0,1,0,0,0,1,0,0,0,1,0,1,1,0,1,0,0,0,0,1,0,0,1,0,1,0,0,4.74
1,0,0,0,0,1,1,0,1,0,1,1,1,1,0,0,1,0,0,0,0,0,0,1,0,0,0,1,0,0,0,1,0,1,1,0,1,0,0,0,0,1,0,0,1,0,1,0,0,5.22
0,0,1,0,1,1,0,1,1,0,0,1,1,1,0,0,1,0,0,0,0,0,1,0,0,0,1,1,1,0,0,1,0,1,1,0,1,0,0,0,0,0,1,0,1,0,1,1,0,5.57
0,0,1,0,0,1,0,0,1,0,0,1,1,1,0,0,1,0,0,0,0,0,0,0,0,0,0,1,0,0,0,0,0,1,1,0,1,0,0,0,0,0,0,0,1,0,1,0,0,5.3
0,0,0,0,0,0,1,0,1,1,0,1,1,0,0,0,1,0,0,0,1,0,1,0,0,0,0,1,1,0,0,1,0,1,1,1,0,0,1,1,1,1,1,0,0,0,1,1,0,5.06
0,0,0,0,0,0,1,0,1,1,0,1,1,1,1,0,1,0,0,1,1,0,1,1,0,0,0,1,1,0,0,1,0,1,1,1,0,0,0,1,0,1,1,0,1,0,1,1,0,5.75
0,0,0,0,0,0,1,0,1,1,0,1,1,1,0,0,1,0,0,0,1,0,1,1,0,0,0,1,1,0,0,1,0,1,1,0,0,0,0,1,0,1,0,0,0,0,1,1,0,6.75
0,0,0,0,0,0,1,0,1,1,0,1,1,1,0,0,1,0,0,0,1,0,1,1,0,0,0,1,1,0,0,1,0,1,1,0,0,0,0,1,0,1,0,0,1,0,1,1,0,5.75
0,0,0,0,0,0,1,0,1,1,0,1,1,1,1,0,1,0,0,1,1,0,1,1,0,0,0,1,1,0,0,1,0,1,1,1,0,0,0,1,0,1,1,0,1,0,1,1,0,6.8
0,0,0,0,0,0,1,0,1,1,0,1,1,1,0,0,1,0,0,0,1,0,1,1,0,0,0,1,1,0,0,1,0,1,1,1,0,0,0,1,0,1,1,0,1,0,1,1,0,6.8
0,0,0,0,0,1,1,0,1,1,0,1,0,0,0,1,1,0,0,0,1,0,1,0,0,0,0,1,1,0,0,1,0,0,0,1,0,0,0,1,0,1,1,0,1,1,0,1,0,4.55
0,0,0,0,0,0,1,0,1,0,1,1,1,0,0,0,1,0,0,0,1,0,1,0,0,0,0,1,1,0,0,1,0,1,1,1,0,0,0,1,0,1,1,0,0,0,1,1,0,4.49
0,0,1,0,0,0,1,0,1,1,0,1,1,1,0,0,1,0,0,0,1,0,1,0,0,0,0,1,1,0,0,1,0,1,1,0,0,0,0,1,0,1,0,0,0,0,1,1,0,6.6
0,0,0,0,0,0,1,0,1,1,0,1,1,0,0,0,1,0,0,0,1,0,1,0,0,0,0,1,1,0,0,1,0,1,1,1,0,0,0,1,0,1,1,0,0,0,1,1,0,6.96
0,0,0,0,0,0,1,0,1,1,0,1,1,0,0,0,1,0,0,0,1,0,1,0,0,0,0,1,1,0,0,1,0,1,1,1,0,0,0,1,0,1,1,0,0,0,1,1,0,5.47
0,0,0,0,0,0,1,0,1,1,0,1,1,0,0,0,1,0,0,0,1,0,1,0,0,0,0,1,1,0,0,1,0,1,1,0,0,0,0,1,0,1,0,0,0,0,1,1,0,6.31
0,0,0,0,0,0,1,0,1,1,0,1,1,0,1,0,1,0,0,1,1,0,1,0,0,0,0,1,1,0,0,1,0,1,1,1,0,0,0,1,0,1,1,0,1,0,1,1,0,6.14
0,1,1,1,0,0,1,0,1,0,0,0,1,1,0,0,1,0,0,1,1,1,1,0,0,0,1,1,1,0,0,1,1,1,1,0,1,0,1,0,0,1,1,0,0,0,1,1,0,6.5
0,1,0,1,0,0,1,0,1,0,0,0,1,0,0,0,1,0,0,1,1,1,1,0,0,0,1,1,1,0,0,1,1,1,1,0,1,0,1,0,0,1,1,0,0,0,1,1,0,5.85
0,1,1,1,0,0,1,0,1,0,0,0,1,1,0,0,1,0,0,1,1,1,1,0,0,0,1,1,1,0,0,1,1,1,1,0,1,0,1,0,0,1,1,0,0,0,1,1,0,6.36
0,1,0,1,0,0,1,0,1,0,0,0,1,0,0,0,1,0,0,1,1,1,1,0,0,0,1,1,1,0,0,1,1,1,1,0,1,0,1,0,0,1,1,0,0,0,1,1,0,6.58
0,1,1,1,0,0,1,0,1,0,0,0,1,1,0,0,1,0,0,1,1,1,1,0,0,0,1,1,1,0,0,1,1,1,1,0,1,0,1,0,0,1,1,0,1,0,1,1,0,6.42
0,1,0,1,0,0,1,0,1,0,0,0,1,0,0,0,1,0,1,1,1,1,1,0,0,0,1,1,0,0,0,1,1,0,1,0,1,0,1,0,0,1,1,0,0,0,1,1,0,7.006666666666667
1,1,0,1,0,0,1,0,1,0,0,1,1,0,0,0,1,0,1,1,1,1,1,0,0,0,1,1,0,0,0,1,1,0,1,0,1,0,1,0,0,1,1,0,0,0,1,1,0,7.89
1,1,0,1,0,0,1,0,1,0,0,1,1,0,0,0,1,0,1,1,1,1,1,0,0,0,1,1,0,0,0,1,1,0,1,0,1,0,1,0,0,1,1,0,0,0,1,1,0,7.24
0,1,0,1,0,0,1,0,1,0,0,0,1,0,0,0,1,0,1,1,1,1,1,0,0,0,0,1,1,0,0,1,1,0,1,0,1,0,1,0,0,1,1,0,0,0,1,1,0,6.0
0,1,0,1,0,1,1,0,1,0,0,0,1,0,0,0,1,0,0,1,1,1,1,0,0,0,0,1,0,0,0,1,0,0,1,0,1,0,1,0,0,1,0,0,0,0,1,1,0,6.31
0,1,0,1,0,1,1,0,1,0,1,0,1,0,0,0,1,0,0,1,1,1,1,0,0,0,0,1,0,0,0,1,0,0,1,0,1,0,1,0,0,1,0,0,0,0,1,1,0,6.62
1,1,0,1,0,1,1,0,1,0,1,1,1,0,0,0,1,0,0,1,1,1,1,0,0,0,0,1,0,0,0,1,0,0,1,0,1,0,1,0,0,1,0,0,0,0,1,1,0,6.43
0,1,0,1,0,0,1,0,1,0,0,1,1,0,0,0,1,0,0,1,1,1,1,0,0,0,0,1,0,0,0,1,0,1,1,0,1,0,1,0,0,1,0,0,0,0,1,1,0,5.82
1,1,0,1,0,1,1,0,1,0,0,1,1,1,0,0,1,0,0,1,1,1,1,1,0,0,0,1,0,0,0,1,0,1,1,0,1,0,1,0,0,1,0,0,0,0,1,1,0,5.63
0,1,0,1,0,1,1,0,1,0,0,1,1,0,0,0,1,0,0,1,1,1,1,0,0,0,0,1,0,0,0,1,0,1,1,0,1,0,1,0,0,1,0,0,0,0,1,1,0,6.08
0,1,0,1,0,1,1,0,1,0,0,1,1,1,0,0,1,0,0,1,1,1,1,1,0,0,0,1,0,0,0,1,0,1,1,0,1,0,1,0,0,1,0,0,1,0,1,1,0,5.75
0,1,1,1,0,1,1,0,1,0,0,1,1,1,0,0,1,0,0,1,1,1,1,0,0,0,0,1,0,0,0,1,0,1,1,0,1,0,1,0,0,1,0,0,1,0,1,1,0,5.79
0,1,0,1,0,1,1,0,1,0,0,1,1,0,0,0,1,0,0,1,1,1,1,0,0,0,0,1,0,0,0,1,0,1,1,0,1,0,1,0,0,1,0,0,0,0,1,1,0,5.97
0,1,0,1,0,1,1,0,1,0,0,1,1,1,0,0,1,0,0,1,1,1,1,1,0,0,0,1,0,0,0,1,0,1,1,0,1,0,1,0,0,1,0,0,1,0,1,1,0,5.99
0,1,0,1,1,1,1,0,1,0,0,1,1,0,0,0,1,0,0,1,1,1,1,0,0,0,0,1,0,0,0,1,0,1,1,0,1,0,1,0,0,1,1,0,0,0,1,1,0,5.78
1,1,0,1,0,1,1,0,1,0,0,1,1,0,0,0,1,0,0,1,1,1,1,0,0,0,0,1,0,0,0,1,0,1,1,0,1,0,1,0,0,1,0,0,0,0,1,1,0,6.13
0,1,0,1,0,1,1,0,1,0,0,1,1,0,0,0,1,0,0,1,1,1,1,0,0,0,0,1,0,0,0,1,0,1,1,0,1,0,1,0,0,1,0,0,0,0,1,1,0,5.95
0,1,0,1,1,1,1,0,1,0,0,1,1,0,0,0,1,0,0,1,1,1,1,0,0,0,0,1,0,0,0,1,0,1,1,0,1,0,1,0,0,1,1,0,0,0,1,1,0,5.81
1,1,0,1,0,1,1,0,1,0,0,1,1,0,0,0,1,0,0,1,1,1,1,0,0,0,0,1,0,0,0,1,0,1,1,0,1,0,1,0,0,1,0,0,0,0,1,1,0,5.87
1,1,0,1,0,1,1,0,1,0,0,1,1,1,0,0,1,0,0,1,1,1,1,1,0,0,0,1,0,0,0,1,0,1,1,0,1,0,1,0,0,1,0,0,1,0,1,1,0,5.75
0,1,0,1,0,1,1,0,1,0,1,1,1,0,0,0,1,0,0,1,1,1,1,0,0,0,0,1,0,0,0,1,0,1,1,0,1,0,1,0,0,1,0,0,0,1,1,1,0,5.84
1,1,0,1,0,1,1,0,1,0,0,1,1,0,0,0,1,0,0,1,1,1,1,0,0,0,0,1,0,0,0,1,0,1,1,0,1,0,1,0,0,1,0,0,0,0,1,1,0,5.93
0,1,0,1,0,0,1,0,1,0,0,1,1,0,0,0,1,0,0,1,1,1,1,0,0,0,0,1,0,0,0,1,0,1,1,0,1,0,1,0,0,1,0,0,0,0,1,1,0,5.57
0,1,1,1,0,0,1,0,1,0,0,1,1,1,0,0,1,0,0,1,1,1,1,0,0,0,0,1,0,0,0,1,0,1,1,0,1,0,1,0,0,1,0,0,0,0,1,1,0,5.32
0,1,0,1,0,1,1,0,1,0,1,1,1,0,0,0,1,0,0,1,1,1,1,0,0,0,0,1,0,0,0,1,0,1,1,0,1,1,1,0,0,1,0,0,0,0,1,1,0,5.56
0,1,0,1,0,1,1,0,1,1,1,1,1,0,0,0,1,0,0,1,1,1,1,0,0,0,0,1,0,0,0,1,0,1,1,0,1,1,1,0,0,1,0,0,0,0,1,1,0,5.26
0,1,0,1,0,1,1,0,1,1,1,1,1,0,0,0,1,0,0,1,1,1,1,0,0,0,0,1,0,0,0,1,0,1,1,0,1,1,1,0,0,1,0,0,0,0,1,1,0,5.05
0,1,0,1,0,1,1,0,1,1,1,1,1,0,0,0,1,0,0,1,1,1,1,0,0,0,0,1,0,0,0,1,0,1,1,0,1,1,1,0,0,1,0,0,0,0,1,1,0,5.83
0,1,0,1,1,1,1,0,1,0,0,1,1,0,0,0,1,0,0,1,1,1,1,0,0,0,0,1,0,0,0,1,0,1,1,0,1,0,1,0,0,1,1,0,0,0,1,1,0,5.32
0,1,0,1,1,1,1,1,1,0,0,1,1,0,0,0,1,0,0,1,1,1,1,0,0,0,1,1,1,0,0,1,0,1,1,0,1,0,1,0,1,1,1,0,0,0,1,1,0,5.88
0,1,1,1,0,1,1,0,1,0,0,0,1,0,0,0,1,0,0,1,1,1,1,0,0,0,0,1,0,0,0,1,0,1,1,0,1,0,1,0,0,1,0,0,0,0,1,1,0,5.58
0,1,0,1,0,1,1,0,1,0,0,0,1,0,0,0,1,0,0,1,1,1,1,0,0,0,0,1,0,0,0,1,0,1,1,0,1,0,1,0,0,1,0,0,0,0,1,1,0,5.94
0,1,0,1,0,1,1,0,1,0,0,0,1,1,0,0,1,0,0,1,1,1,1,1,0,0,0,1,0,0,0,1,0,1,1,0,1,0,1,0,0,1,0,0,1,0,1,1,0,5.83
0,1,0,1,0,1,1,0,1,0,0,0,1,0,0,0,1,0,0,1,1,1,1,0,0,0,0,1,0,0,0,1,0,1,1,0,1,0,1,0,0,1,0,0,0,0,1,1,0,5.73
0,1,0,1,1,1,1,0,1,0,0,1,1,0,0,0,1,0,0,1,1,1,1,0,0,0,0,1,0,0,0,1,0,1,1,0,1,0,1,0,0,1,1,0,0,0,1,1,0,6.01
0,1,0,1,1,1,1,0,1,0,0,1,1,0,0,0,1,0,0,1,1,1,1,0,0,0,0,1,0,0,0,1,0,1,1,0,1,0,1,0,0,1,1,0,0,0,1,1,0,5.86
0,1,0,1,0,0,1,0,1,0,0,0,1,0,0,0,1,0,0,1,1,1,1,0,0,0,0,1,0,0,0,1,0,1,1,0,1,0,1,0,0,1,0,0,0,0,1,1,0,4.9
0,1,0,1,0,0,1,0,1,0,0,0,1,0,0,0,1,0,0,1,1,1,1,0,0,0,0,1,0,0,0,1,0,1,1,0,1,0,1,0,0,1,1,0,0,0,1,1,0,5.35
1,1,0,1,0,0,1,0,1,0,0,1,1,0,0,0,1,0,0,1,1,1,1,0,0,0,0,1,0,0,0,1,0,1,1,0,1,0,1,0,0,1,0,0,0,0,1,1,0,5.8
0,1,0,1,0,0,1,0,1,0,0,0,1,0,0,0,1,0,0,1,1,1,1,0,1,0,1,1,0,0,0,1,0,1,1,0,1,0,1,1,0,1,1,0,0,0,1,1,0,5.28
0,1,1,1,0,0,1,0,1,0,0,0,1,1,0,0,1,0,0,1,1,1,1,0,0,0,1,1,1,0,0,1,1,1,1,0,1,0,1,0,0,1,1,0,0,0,1,1,0,5.5
0,1,0,1,0,0,1,0,1,0,0,0,1,0,0,0,1,0,0,1,1,1,1,0,0,0,1,1,1,0,0,1,1,1,1,0,1,0,1,0,0,1,1,0,0,0,1,1,0,5.61
0,1,1,1,0,0,1,0,1,0,0,0,1,1,0,0,1,0,0,1,1,1,1,0,0,0,1,1,1,0,0,1,1,1,1,0,1,0,1,0,0,1,1,0,0,0,1,1,0,5.94
0,1,0,1,0,0,1,0,1,0,0,0,1,0,0,0,1,0,0,1,1,1,1,0,0,0,0,1,0,0,0,1,0,1,1,0,1,0,1,0,0,1,0,0,0,0,1,1,0,5.1
0,1,0,1,0,0,1,0,1,0,0,0,1,0,0,0,1,0,0,1,1,1,1,0,0,0,0,1,0,0,0,1,0,1,1,0,1,0,1,0,0,1,0,0,0,0,1,1,0,6.08
0,1,0,1,0,0,1,0,1,0,0,0,1,0,0,0,1,0,0,1,1,1,1,0,0,0,0,1,0,0,0,1,0,1,1,0,1,0,1,0,0,1,0,0,0,0,1,1,0,5.9
1,1,0,1,0,0,1,0,1,0,0,1,1,0,0,0,1,0,0,1,1,1,1,0,0,0,0,1,0,0,0,1,0,1,1,0,1,0,1,0,0,1,0,0,0,0,1,1,0,5.88
0,1,1,1,1,0,1,0,1,0,0,1,1,1,0,0,1,0,0,1,1,1,1,0,0,0,0,1,0,0,0,1,0,1,1,0,1,0,1,0,0,1,1,0,0,0,1,1,0,5.74
1,1,0,1,0,0,1,0,1,0,0,1,1,0,0,0,1,0,0,1,1,1,1,0,0,0,0,1,0,0,0,1,0,1,1,0,1,0,1,0,0,1,0,0,0,0,1,1,0,5.4
0,1,0,1,0,0,1,0,1,0,0,1,1,0,0,0,1,0,0,1,1,1,1,0,0,0,0,1,0,0,0,1,0,1,1,0,1,0,1,0,0,1,0,0,0,0,1,1,0,5.18
0,1,0,1,0,0,1,0,1,1,1,1,1,0,0,0,1,0,0,1,1,1,1,0,0,0,0,1,0,0,0,1,0,1,1,0,1,0,1,0,0,1,0,0,0,0,1,1,0,5.41
0,1,0,1,0,1,1,0,1,0,0,0,1,1,0,1,1,0,0,1,1,1,1,1,1,0,0,1,0,0,0,1,0,1,1,0,1,0,1,1,0,1,1,0,0,0,1,1,0,5.71
0,1,0,1,0,1,1,0,1,0,0,0,1,0,0,1,1,0,0,1,1,1,1,0,1,0,0,1,0,0,0,1,0,1,1,0,1,0,1,1,0,1,1,0,0,0,1,1,0,6.47
0,1,0,1,0,0,1,0,1,0,0,1,1,0,0,0,1,0,1,1,1,1,1,0,0,0,0,1,1,0,0,1,1,1,1,0,1,0,1,0,0,1,1,0,0,0,1,1,0,6.92
0,1,0,1,0,0,1,0,1,0,0,0,1,0,0,0,1,0,0,1,1,1,1,0,0,0,0,1,1,0,0,1,1,1,1,0,1,0,1,0,0,1,1,0,0,0,1,1,0,5.61
0,1,0,1,0,0,1,0,1,0,0,1,1,0,0,0,1,0,1,1,1,1,1,0,0,0,0,1,1,0,0,1,1,1,1,0,1,0,1,0,0,1,1,0,0,0,1,1,0,6.03
0,1,0,1,0,1,1,0,1,0,0,0,1,0,0,0,1,0,0,1,1,1,1,0,0,0,0,1,1,0,0,1,0,1,1,0,1,0,1,1,0,1,1,0,0,0,1,1,0,6.03
0,1,0,1,0,1,1,0,1,0,0,0,1,0,0,0,1,0,0,1,1,1,1,0,0,0,0,1,0,0,0,1,0,1,1,0,1,0,1,0,0,1,0,0,0,0,1,1,0,6.1
0,1,0,1,0,0,1,0,1,0,0,0,1,0,0,0,1,0,0,1,1,1,1,0,0,0,0,1,0,0,0,1,0,1,1,0,1,0,1,0,0,1,0,0,0,0,1,1,0,4.96
0,1,1,1,0,0,1,0,1,0,0,0,1,1,0,0,1,0,0,1,1,1,1,0,0,0,1,1,1,0,0,1,1,1,1,0,1,0,1,0,0,1,1,0,0,0,1,1,0,5.89
0,1,0,1,0,0,1,0,1,0,0,0,1,0,0,0,1,0,1,1,1,1,1,0,0,0,0,1,1,0,0,1,1,1,1,0,1,0,1,0,0,1,1,0,0,0,1,1,0,5.03
0,1,0,1,0,0,1,0,1,0,0,1,1,0,0,0,1,0,0,1,1,1,1,0,0,0,0,1,0,0,0,1,0,1,1,0,1,0,1,0,0,1,0,0,0,0,1,1,0,5.26
0,1,0,1,0,1,1,0,1,0,0,1,0,0,0,0,1,0,0,1,1,1,1,0,0,0,0,1,0,0,0,1,0,1,1,0,1,0,1,0,0,1,0,0,1,0,1,1,0,5.15
0,1,0,1,0,0,1,0,1,0,0,0,1,0,0,0,1,0,0,1,1,1,1,0,0,0,0,1,0,0,0,1,0,1,1,0,1,0,1,0,0,1,0,0,0,0,1,1,0,5.006666666666667
0,1,0,1,1,1,1,0,1,1,0,1,0,0,0,0,1,0,1,1,1,1,1,0,0,0,0,1,0,0,0,1,0,1,1,0,1,0,1,0,0,1,1,0,1,0,1,1,0,5.75
0,1,0,1,1,1,1,0,1,1,0,1,0,0,0,0,1,0,1,1,1,1,1,0,0,0,0,1,0,0,0,1,0,1,1,0,1,0,1,0,0,1,1,0,1,0,1,1,0,5.75
0,1,0,1,0,0,1,0,1,1,0,0,1,0,0,0,1,0,0,1,1,1,1,0,0,0,0,1,0,0,0,1,0,1,1,0,1,0,1,0,0,1,0,0,0,0,1,1,0,4.72
0,1,0,1,0,1,1,0,1,1,0,0,1,0,0,0,1,0,0,1,1,1,1,0,0,0,0,1,0,0,0,1,0,1,1,0,1,1,1,0,0,1,0,0,0,0,1,1,0,5.39
0,1,0,1,0,0,1,0,1,0,0,0,1,0,0,0,1,0,0,1,1,1,1,0,0,0,0,1,0,0,0,1,0,1,1,0,1,0,1,0,0,1,0,0,0,0,1,1,0,5.84
0,1,0,1,0,1,1,0,1,0,0,1,1,0,0,0,1,0,0,1,1,1,1,0,1,0,0,1,0,0,0,1,0,1,1,0,1,0,1,1,0,1,1,0,0,0,1,1,0,5.2
0,1,0,1,0,1,1,0,1,0,0,1,1,0,0,0,1,0,0,1,1,1,1,0,0,0,0,1,0,0,0,1,0,1,1,0,1,0,1,0,0,1,0,0,0,0,1,1,0,5.95
1,1,0,1,0,1,1,0,1,0,0,1,1,0,0,0,1,0,0,1,1,1,1,0,0,0,0,1,0,0,0,1,0,1,1,0,1,0,1,0,0,1,0,0,0,0,1,1,0,5.94
0,1,0,1,0,0,1,0,1,0,1,1,1,0,0,0,1,0,0,1,1,1,1,0,0,0,0,1,0,0,0,1,0,1,1,0,1,0,1,0,1,1,1,0,0,0,1,1,0,5.17
0,1,0,1,0,1,1,0,1,0,1,1,1,1,0,0,1,0,0,1,1,1,1,1,0,0,0,1,0,0,0,1,0,1,1,0,1,1,1,0,0,1,0,0,0,0,1,1,0,5.53
0,1,0,1,0,1,1,0,1,0,1,1,1,1,0,0,1,0,0,1,1,1,1,1,0,0,0,1,0,0,0,1,0,1,1,0,1,1,1,0,0,1,0,0,0,0,1,1,0,5.66
0,1,0,1,0,1,1,0,1,0,1,1,1,0,0,0,1,0,0,1,1,1,1,0,0,0,0,1,0,0,0,1,0,1,1,0,1,1,1,0,0,1,0,0,0,0,1,1,0,5.7
0,1,0,1,0,1,1,0,1,0,1,1,1,1,0,0,1,0,0,1,1,1,1,1,0,0,0,1,0,0,0,1,0,1,1,0,1,1,1,0,0,1,0,0,1,0,1,1,0,5.98
0,1,0,1,0,1,1,0,1,1,1,1,1,0,0,0,1,0,0,1,1,1,1,0,0,0,0,1,0,0,0,1,0,1,1,0,1,1,1,0,0,1,0,0,0,0,1,1,0,5.56
1,1,0,1,0,1,1,0,1,0,1,1,1,0,0,0,1,0,0,1,1,1,1,0,0,0,0,1,0,0,0,1,0,1,1,0,1,1,1,0,0,1,0,0,0,0,1,1,0,5.75
1,1,0,1,0,1,1,0,1,0,1,1,1,0,0,0,1,0,0,1,1,1,1,0,0,0,0,1,0,0,0,1,0,1,1,0,1,1,1,0,0,1,0,0,0,0,1,1,0,5.84
0,1,0,1,0,0,1,0,1,0,0,1,1,0,0,0,1,0,0,1,1,1,1,0,0,0,0,1,1,0,0,1,1,1,1,0,1,0,1,0,0,1,1,0,0,0,1,1,0,5.34
1,1,0,1,0,1,1,0,1,0,0,1,1,0,0,0,1,0,0,1,1,1,1,0,0,0,0,1,0,0,0,1,0,1,1,0,1,0,1,0,0,1,0,0,0,0,1,1,0,5.93
1,1,0,1,0,0,1,0,1,0,1,1,1,0,0,0,1,0,0,1,1,1,1,0,0,0,0,1,0,0,0,1,0,1,1,0,1,0,1,0,0,1,0,0,0,0,1,1,0,5.04
0,1,0,1,0,1,1,0,1,0,0,1,1,0,0,1,1,0,0,1,1,1,1,0,1,0,0,1,0,0,0,1,0,1,1,0,1,0,1,0,0,1,0,0,0,1,0,1,0,5.68
0,1,1,1,0,0,1,0,1,0,0,0,1,1,1,1,1,0,0,1,1,1,1,0,0,0,1,1,1,0,0,1,1,1,1,0,1,0,1,1,1,1,1,0,1,0,1,1,0,7.09
1,0,0,0,0,1,1,0,1,1,0,1,0,0,0,0,0,0,0,0,0,0,0,0,0,0,0,0,0,0,0,1,0,0,0,0,0,1,0,0,0,1,0,0,0,0,1,1,0,4.83
0,0,0,0,1,0,0,1,0,0,0,0,0,1,1,0,0,0,0,0,1,1,0,1,0,0,0,0,1,0,0,0,1,0,0,0,0,0,0,0,0,0,1,0,1,0,0,1,0,5.32
0,0,0,0,1,0,0,1,0,0,0,0,0,1,1,0,0,0,0,0,1,1,0,1,0,0,0,0,1,0,0,0,1,0,0,0,0,0,0,0,0,0,1,0,1,0,0,1,0,5.34
0,0,0,0,1,0,0,1,0,0,0,0,0,1,1,0,0,0,0,0,1,1,0,1,0,0,0,0,1,0,0,0,1,0,0,0,0,0,0,0,0,0,1,0,1,0,0,1,0,5.17
0,0,0,0,1,0,1,1,0,0,0,0,0,1,1,0,0,0,0,0,1,1,0,1,0,0,0,0,1,0,0,1,1,0,0,0,0,0,0,0,0,0,1,0,1,0,0,1,0,5.43
0,0,0,0,1,0,1,1,0,0,0,0,0,1,1,0,0,0,0,0,1,1,0,1,0,0,0,0,1,0,0,1,1,0,0,0,0,0,0,0,0,0,1,0,1,0,0,1,0,5.69
0,0,0,0,1,0,1,1,0,0,0,0,0,1,1,0,0,0,0,0,1,1,0,1,0,0,0,0,1,0,0,1,1,0,0,0,0,0,0,0,0,0,1,0,1,0,0,1,0,5.46
0,0,0,0,1,0,0,1,0,0,0,1,0,1,1,0,0,0,0,0,1,1,0,1,0,0,0,0,1,0,0,1,1,0,0,0,0,0,0,0,1,0,1,0,1,0,0,1,0,5.38
0,0,0,0,1,0,0,1,0,0,0,1,0,1,1,0,0,0,0,0,1,1,0,1,0,0,0,0,1,0,0,1,1,0,0,0,0,0,0,0,1,0,1,0,1,0,0,1,0,5.72
0,0,0,0,1,0,0,1,0,0,0,1,0,1,1,0,0,0,0,0,1,1,0,1,0,0,0,0,1,0,0,1,1,0,0,0,0,0,0,0,1,0,1,0,1,0,0,1,0,5.25
0,0,0,0,0,0,1,1,0,0,0,0,0,1,0,0,0,0,1,1,1,0,0,1,1,0,1,1,1,0,0,0,1,0,0,0,0,0,0,0,0,0,1,0,1,1,1,1,0,5.3
0,0,0,0,0,0,1,1,0,0,0,0,0,1,0,0,0,0,1,1,1,0,0,1,1,0,1,1,1,0,0,0,1,0,0,0,0,0,0,0,0,0,1,0,1,1,1,1,0,5.74
0,0,0,0,0,0,1,1,0,0,0,0,0,1,0,0,0,0,1,1,1,0,0,1,1,0,1,1,1,0,0,0,1,0,0,0,0,0,0,0,0,0,1,0,1,1,1,1,0,6.08
0,0,0,0,0,0,1,1,0,0,0,0,0,1,0,0,0,0,1,1,1,0,0,1,1,0,1,1,1,0,0,0,1,0,0,0,0,1,1,0,1,1,1,0,1,1,1,1,0,4.93
0,0,0,0,0,1,1,1,1,0,0,0,0,1,0,0,0,0,1,1,1,0,0,1,0,0,1,1,1,0,0,0,1,1,0,0,0,1,0,0,0,0,1,0,1,0,1,1,0,5.19
0,0,0,0,0,1,1,1,1,0,0,0,0,1,0,0,0,0,1,1,1,0,0,1,0,0,1,1,1,0,0,0,1,1,0,0,0,1,0,0,0,0,1,0,1,0,1,1,0,6.32
0,0,0,0,0,1,1,1,1,0,0,0,0,1,0,0,0,0,1,1,1,0,0,1,0,0,1,1,1,0,0,0,1,1,0,0,0,1,0,0,0,0,1,0,1,0,1,1,0,5.82
0,0,0,0,0,1,1,1,1,0,0,0,0,1,0,0,0,0,1,1,1,0,0,1,0,0,1,1,1,0,0,0,1,1,0,0,0,1,1,0,1,1,1,0,1,0,1,1,0,4.75
0,0,0,0,0,0,1,1,1,0,0,0,0,1,0,0,0,0,1,1,1,0,0,1,0,0,1,1,1,0,0,0,1,0,1,0,0,0,0,0,0,0,1,0,1,0,1,1,0,5.85
0,0,0,0,1,0,0,1,0,0,0,0,0,1,1,0,0,0,0,0,1,0,0,1,0,0,1,0,1,0,0,0,1,0,0,0,1,0,0,0,1,0,1,0,1,0,1,1,0,5.85
0,0,0,0,1,0,0,1,0,0,0,0,0,1,1,0,0,0,0,0,1,0,0,1,0,0,1,0,1,0,0,0,1,0,0,0,1,0,0,0,1,0,1,0,1,0,1,1,0,6.17
0,0,0,0,1,0,0,1,0,0,0,0,0,1,1,0,0,0,0,0,1,0,0,1,0,0,1,0,1,0,0,0,1,0,0,0,1,0,0,0,1,0,1,0,1,0,1,1,0,5.9
0,0,0,0,1,1,0,1,0,0,0,1,0,0,1,0,0,0,0,0,1,1,1,0,0,0,0,0,1,0,0,1,0,0,0,1,0,0,1,1,1,0,1,0,1,0,0,1,0,5.22
0,0,0,0,1,1,0,1,0,0,0,1,0,0,1,0,0,0,0,0,1,1,1,0,0,0,0,0,1,0,0,1,0,0,0,1,0,0,1,1,1,0,1,0,1,0,0,1,0,4.82
0,0,0,0,0,0,0,1,0,0,0,0,0,1,0,0,0,0,0,0,0,0,0,1,0,0,0,0,1,0,0,0,1,0,0,0,0,0,0,1,0,0,0,0,1,0,0,1,0,6.534000000000001
1,0,0,0,0,1,1,0,1,1,0,1,0,0,0,0,0,0,0,0,0,0,0,0,0,0,0,0,0,0,0,1,0,0,0,0,0,0,0,0,0,1,0,0,0,0,1,0,0,5.12
