Smiles,pChEMBL_Fisico,pChEMBL_MACCS,Media_Predicciones,Violaciones_Lipinski,Scaffold
CC[C@H]1C=CCC[C@@]2(CC3CCc4c(C(=O)OCCCCCCCCCCCCCCCC(=O)N(CCCN)CC(O)CCN)c(CCCC(C)O)nc([n+]43)N2)O1.[Cl-],6.492683333333334,6.622900376984125,6.5577918551587295,1,C1=CCOC2(CC1)CC1CCc3ccnc([n+]31)N2
CC(=O)N(C)CCc1cc(Br)c(OCCCNc2ncn(C)c3ncnc2-3)c(Br)c1,6.466276666666666,6.578190860389609,6.522233763528137,1,c1ccc(OCCCNc2nc[nH]c3ncnc2-3)cc1
CCC(=O)N(C)CCc1cc(Br)c(OCCCNC(=O)Cc2ccc(O)cc2)c(I)c1,6.594172222222217,6.42019743145743,6.507184826839824,1,O=C(Cc1ccccc1)NCCCOc1ccccc1
COC1=C(Br)C[C@]2(OC=C1Br)ON=C(C(=O)NCCCOc1c(Br)cc(CCN(C)C(N)=O)cc1Br)[C@@H]2O,6.686236666666667,6.327730899470897,6.506983783068781,1,O=C(NCCCOc1ccccc1)C1=NOC2(CC=CC=CO2)C1
COc1c(O)cc(CO)cc1Br,6.173153333333338,6.753760651154403,6.46345699224387,0,c1ccccc1
C[C@@H]1NC(=O)[C@@H](C)C/C(CO)=C/[C@H](C)C[C@H](C)OC(=O)C[C@H](c2ccc(O)cc2)NC(=O)[C@@H](Cc2c(Br)[nH]c3ccccc23)N(C)C1=O,6.496005555555557,6.424829371693118,6.460417463624338,1,O=C1CCC=CCCCOC(=O)CC(c2ccccc2)NC(=O)C(Cc2c[nH]c3ccccc23)NC(=O)CN1
CN[C@@H](Cc1ccc(OC)c(Br)c1)C(=O)NCCc1cc(Br)c(OCCCN(C)C)c(Br)c1,6.554467777777775,6.351861717171715,6.453164747474744,1,O=C(CCc1ccccc1)NCCc1ccccc1
CC[C@H](C)[C@@H](C(=O)N[C@H](C(=O)N(C)[C@@H](C(C)C)[C@@H](CC(=O)N1CCC[C@H]1[C@H](OC)[C@@H](C)C(=O)O[C@H](CO)Cc1ccccc1)OC)C(C)C)N(C)C,6.438533333333338,6.454652539682538,6.446592936507939,1,O=C(CCC1CCCN1)OCCc1ccccc1
CCOCc1cc(O)c(O)c(Br)c1Cc1cc(O)c(O)c(Br)c1Br,6.322481111111111,6.555399590367968,6.438940350739539,1,c1ccc(Cc2ccccc2)cc1
COC1=C(Br)[C@@H](O)[C@]2(C=C1Br)CC(C(=O)NCCCOc1c(Br)cc(CC[N+](C)(C)C)cc1Br)=NO2,6.624732222222222,6.246980376984124,6.435856299603173,1,O=C(NCCCOc1ccccc1)C1=NOC2(C=CC=CC2)C1
CNCCCOc1c(Br)cc(CCNC(=O)/C(Cc2ccc(OC)c(Br)c2)=N/O)cc1Br,6.543606666666663,6.3176366468253935,6.430621656746029,1,N=C(Cc1ccccc1)C(=O)NCCc1ccccc1
CC[C@H](C)[C@@H]([C@@H](CC(=O)N1CCC[C@H]1[C@H](OC)[C@@H](C)C(=O)OC[C@@H](O)Cc1ccccc1)OC)N(C)C(=O)[C@@H](NC(=O)[C@H](C(C)C)N(C)C)[C@@H](C)CC,6.418277777777783,6.439145119047618,6.428711448412701,1,O=C(CCC1CCCN1)OCCCc1ccccc1
COc1c(Br)cc(C/C(=N\O)C(=O)NCCCOc2c(Br)cc(CCN)cc2Br)c(O)c1Br,6.474884444444444,6.379734365079364,6.427309404761904,1,N=C(Cc1ccccc1)C(=O)NCCCOc1ccccc1
C/C1=C\[C@H](C)C[C@H](C)OC(=O)[C@H]([C@@H](C)O)NC(=O)[C@@H](Cc2ccc(O)c(I)c2)N(C)C(=O)[C@H](CO)NC(=O)[C@@H](C)C1,6.537716666666669,6.3115333333333306,6.424625,1,O=C1CCC=CCCCOC(=O)CNC(=O)C(Cc2ccccc2)NC(=O)CN1
COC1=C(Br)[C@H](O)[C@@]2(C=C1Br)CC(C(=O)NCCc1cc(Br)c(OCCCN(C)C)c(Br)c1)=NO2,6.62297111111111,6.225154880952378,6.424062996031744,1,O=C(NCCc1ccccc1)C1=NOC2(C=CC=CC2)C1
CN(C)CCCOc1c(Br)cc(C/C(=N\O)C(=O)NCCc2cnc(N)[nH]2)cc1Br,6.468688888888892,6.362341111111108,6.415514999999999,1,N=C(Cc1ccccc1)C(=O)NCCc1cnc[nH]1
CCO[C@]1(OC)C(Br)=C[C@@](O)(CC(=O)NC(C)NC(=O)C[C@]2(O)C=C(Br)[C@](OC)(OCC)C(Br)=C2)C=C1Br,6.6383611111111085,6.169619087301586,6.403990099206347,1,O=C(CC1C=CCC=C1)NCNC(=O)CC1C=CCC=C1
COC(=O)c1ccccc1NC(=O)[C@H](CCS(C)(=O)=O)NC(=O)c1cnc2c(n1)c(=O)n(C)c(=O)n2C,6.247861111111114,6.549143253968257,6.398502182539685,1,O=C(CNC(=O)c1cnc2[nH]c(=O)[nH]c(=O)c2n1)Nc1ccccc1
CC[C@H]1C=CCC[C@@]2(C[C@@H]3CC[C@@H]4[C@H](C(=O)OCCCCCCCCCCCCCCCC5=NCCCN5C[C@@H](O)CCN)[C@]5(CCC[C@@H](C)O5)NC(=[N+]34)N2)O1.[Cl-],6.299272222222221,6.49124081349206,6.39525651785714,1,O=C(OCCCCCCCCCCCCCCCC1=NCCCN1)C1C2CCC3CC4(CCC=CCO4)NC(=[N+]32)NC12CCCCO2
Cc1c(Cl)cc2c(c(C3=N[C@@](C)(C(=O)N[C@H](C)C(=O)N[C@@H](CO)C(=O)O)CO3)cn2C)c1O,6.415457777777775,6.374516812169313,6.394987294973544,0,c1ccc2c(C3=NCCO3)c[nH]c2c1
Oc1cc(Cl)ccc1Oc1ccc(Cl)cc1Cl,6.239786666666695,6.539776007575767,6.389781337121231,1,c1ccc(Oc2ccccc2)cc1
C=C1C[C@H](C)C(=O)N[C@@H](C)C(=O)N(C)[C@H](Cc2c(Br)[nH]c3ccccc23)C(=O)N[C@@H](c2ccc(O)cc2)CC(=O)O[C@@H](C)C[C@@H](C)[C@@H]1O,6.4543833333333325,6.324282962962956,6.389333148148144,1,C=C1CCCCOC(=O)CC(c2ccccc2)NC(=O)C(Cc2c[nH]c3ccccc23)NC(=O)CNC(=O)CC1
C[S+]([O-])CC[C@@H]1NC(=O)[C@@H]2CCCN2C(=O)[C@@H]2CCCN2C(=O)[C@H](CC[S+](C)[O-])NC(=O)c2csc(n2)[C@H](Cc2ccccc2)NC(=O)[C@@H]2CCCN2C1=O,6.494646666666668,6.2809435019841295,6.387795084325399,1,O=C1NCC(=O)N2CCCC2C(=O)N2CCCC2C(=O)NCC(=O)N2CCCC2C(=O)NC(Cc2ccccc2)c2nc1cs2
CN(C)CCc1ccc(OCCCNC(=O)c2cc(Br)c(Br)[nH]2)c(Br)c1,6.356548888888888,6.414801360028856,6.3856751244588725,1,O=C(NCCCOc1ccccc1)c1ccc[nH]1
C=CC(C)(C)[C@@]12C[C@@]3(OC)C(=O)N/C(=C/c4cn(C(C)(C)CC(C)=O)cn4)C(=O)N3[C@]1(C)Nc1ccccc12,6.290911111111112,6.466040701058205,6.378475906084658,1,O=C1NC(=Cc2c[nH]cn2)C(=O)N2C1CC1c3ccccc3NC12
CC[C@H](C)[C@H]1C(=O)N2CCC[C@H]2C(=O)O[C@H](C(C)(C)C)C[C@@H](C)C[C@H](O)[C@H](C)C2=N[C@@H](/C=C(\C)C(=O)N[C@@H](Cc3ccc(OC)cc3)C(=O)N(C)[C@@H](C)C(=O)N1C)C[S+]2[O-],6.651744444444446,6.098659570105815,6.37520200727513,1,O=C1C=CC2C[SH+]C(=N2)CCCCCCOC(=O)C2CCCN2C(=O)CNC(=O)CNC(=O)C(Cc2ccccc2)N1
C=C1C[C@H](C)C(=O)N[C@@H](C)C(=O)N(C)[C@H](Cc2c(Br)[nH]c3ccccc23)C(=O)N[C@@H](c2ccc(O)cc2)CC(=O)O[C@@H](C)C[C@@H](C)C1=O,6.421683333333334,6.324282962962956,6.372983148148145,1,C=C1CCC(=O)NCC(=O)NC(Cc2c[nH]c3ccccc23)C(=O)NC(c2ccccc2)CC(=O)OCCCC1=O
CC[C@H](C)[C@H]1C(=O)N2CCC[C@H]2C(=O)O[C@H](C(C)C)C[C@@H](C)C[C@H](O)[C@H](C)C2=N[C@@H](/C=C(\C)C(=O)N[C@@H](Cc3ccc(OC)cc3)C(=O)N(C)[C@@H](C)C(=O)N1C)CS2,6.6216944444444445,6.098659570105815,6.36017700727513,1,O=C1C=CC2CSC(=N2)CCCCCCOC(=O)C2CCCN2C(=O)CNC(=O)CNC(=O)C(Cc2ccccc2)N1
CCCCCCC[C@@H](C/C=C/CCC(=O)NC/C(=C\Cl)C/C(=C\C(=O)N1C(=O)C=C(OC)[C@@H]1CO)OC)OC,6.414994444444447,6.303246964285711,6.359120704365079,1,O=C1C=CCN1
CNCCc1cc(Br)c(OCCCNC=C2C(=O)[C@@H]3[C@H](C2=O)[C@H]2C(O)[C@@H]3C(=O)[C@H]2Br)c(Br)c1,6.481007777777774,6.2357977380952345,6.358402757936505,1,O=C1CC2CC1C1C(=O)C(=CNCCCOc3ccccc3)C(=O)C21
CNCCc1cc(Br)c(OCCCNC(=O)C2=CO[C@@]3(CC(Br)=C(OC)C(Br)=CO3)[C@H]2O)c(Br)c1,6.605457777777779,6.110962886904761,6.358210332341271,1,O=C(NCCCOc1ccccc1)C1=COC2(CC=CC=CO2)C1
C/C1=C/[C@H](C)C(=O)N[C@@H](C)C(=O)N(C)[C@H](Cc2c(Br)[nH]c3ccccc23)C(=O)N[C@@H](c2ccc(O)cc2)CC(=O)O[C@@H](C)C[C@@H](C)[C@H]1O,6.3889000000000005,6.324282962962956,6.356591481481479,1,O=C1CC=CCCCCOC(=O)CC(c2ccccc2)NC(=O)C(Cc2c[nH]c3ccccc23)NC(=O)CN1
CC[C@H](C)[C@H]1C(=O)N(C)[C@@H](CC(C)C)C(=O)N(C)[C@@H]([C@@H](C)CC)C(=O)N(C)[C@@H](C)C(=O)N(C)CC(=O)N(C)[C@@H](CC(C)C)C(=O)N2CCC[C@H]2C(=O)N(C)[C@@H](Cc2ccc(OC)cc2)C(=O)N[C@@H](C)C(=O)N1C,6.511527777777777,6.194940505952384,6.35323414186508,1,O=C1CNC(=O)CNC(=O)CNC(=O)CNC(=O)C(Cc2ccccc2)NC(=O)C2CCCN2C(=O)CNC(=O)CNC(=O)CN1
CCC[C@H]1NC(=O)[C@H](C)NC(=O)[C@H](CC(C)C)N(C)C(=O)[C@H](Cc2ccccc2)NC(=O)[C@H](CC[S+](C)[O-])NC(=O)[C@@H](Cc2ccccc2)N(C)C(=O)[C@@H](C(C)C)OC(=O)[C@H]1C,6.332329999999999,6.371551934523805,6.351940967261902,1,O=C1CNC(=O)CNC(=O)C(Cc2ccccc2)NC(=O)CNC(=O)C(Cc2ccccc2)NC(=O)COC(=O)CCN1
C=C1C[C@H](C)C(=O)N[C@@H](C)C(=O)N(C)[C@H](CC2(OC)OC(=O)Nc3ccccc32)C(=O)N[C@@H](c2ccc(O)cc2)CC(=O)O[C@@H](C)C[C@@H](C)C1=O,6.461422222222228,6.235955456349201,6.348688839285714,1,C=C1CCC(=O)NCC(=O)NC(CC2OC(=O)Nc3ccccc32)C(=O)NC(c2ccccc2)CC(=O)OCCCC1=O
C[N+](C)(C)C[C@H](c1c[nH]c2cc(Br)ccc12)c1c(O)c(NC(=O)CS(=O)(=O)[O-])c2c3c(nccc13)C=CN2,6.35618888888889,6.336211091269839,6.346199990079365,1,C1=Cc2nccc3c(Cc4c[nH]c5ccccc45)ccc(c23)N1
COC1(CC2C(=O)N[C@@H](c3ccc(O)cc3)CC(=O)O[C@@H](C)C[C@@H](C)/C=C(\C)C[C@H](C)C(=O)N[C@@H](C)C(=O)N2C)OC(=O)Nc2ccccc21,6.456411111111119,6.235955456349201,6.346183283730159,1,O=C1CCC=CCCCOC(=O)CC(c2ccccc2)NC(=O)C(CC2OC(=O)Nc3ccccc32)NC(=O)CN1
CC[C@H](C)[C@H]1C(=O)O[C@H](C(C)C)C(=O)N(C)[C@@H](C)C(=O)N(C)[C@@H](CC(C)C)C(=O)N(C)[C@@H](C(C)C)C(=O)N2CCC[C@H]2C(=O)N[C@@H](C(C)C)C(=O)N[C@H](CC)[C@H](C)C(=O)N[C@@H](CC(C)C)C(=O)N1C,6.446935555555556,6.244447119708995,6.345691337632275,1,O=C1CCNC(=O)CNC(=O)C2CCCN2C(=O)CNC(=O)CNC(=O)CNC(=O)COC(=O)CNC(=O)CN1
C/C1=C\[C@H](C)C[C@H](C)OC(=O)C[C@H](c2ccc(O)cc2)NC(=O)[C@@H](Cc2ncnc3ccccc23)N(C)C(=O)C(C)NC(=O)[C@@H](C)C1,6.282030000000003,6.408284563492059,6.345157281746031,1,O=C1CCC=CCCCOC(=O)CC(c2ccccc2)NC(=O)C(Cc2ncnc3ccccc23)NC(=O)CN1
CCCC(=O)N(C)[C@H](C(=O)N1CCC[C@H]1C(=O)N(C)[C@@H](Cc1ccccc1)C(=O)N[C@@H](CC(C)C)C(=O)N(C)[C@H](C(=O)N(C)Cc1nccs1)C(C)C)C(C)C,6.460157777777782,6.228314017857144,6.344235897817463,1,O=C(CNC(=O)CNC(=O)C(Cc1ccccc1)NC(=O)C1CCCN1)NCc1nccs1
CCC[C@@H](CC[C@@H](C)[C@@H]1OC(=O)[C@H](C)NC(=O)[C@H]([C@@H](C)CCO)N(C)C(=O)[C@]2(C)CSC(=N2)[C@H](C)NC(=O)C1(C)C)OC,6.454599999999998,6.230584853294849,6.342592426647424,1,O=C1CCOC(=O)CNC(=O)CNC(=O)C2CSC(=N2)CN1
COC1=C(Br)[C@H](O)[C@]2(CC(C(=O)NCCCOc3c(Br)cc(CCNS(=O)(=O)O)cc3Br)=NO2)CC1Br,6.495983333333336,6.1747861772486745,6.335384755291005,1,O=C(NCCCOc1ccccc1)C1=NOC2(CC=CCC2)C1
CN[C@@]12CN3[C@@H](C[C@@H](OC(=O)[C@H](C(C)C)N(C)C)C[C@H]3C)C[C@@]1(O)C(C)(C)[C@@]1(C2)C(=O)Nc2c(C(=O)[C@H]3OC3(C)C)cccc21,6.420249999999999,6.23971183201058,6.329980916005289,1,O=C(c1cccc2c1NC(=O)C21CC2CC3CCCCN3CC2C1)C1CO1
CC(=O)Nc1cc(COCc2ccc(O)c(NC(C)=O)c2)ccc1O,6.3894888888888905,6.268820695165947,6.329154792027419,0,c1ccc(COCc2ccccc2)cc1
CC[C@H]1C=CCC[C@@]2(C[C@@H]3CC[C@H]4[C@@H](C(=O)OCCCCCCCCCCCCCCCC(=O)N(CCCN)CC(O)CCN)[C@@]5(CCC[C@@H](C)O5)NC(=[N+]34)N2)O1.[Cl-],6.260233333333334,6.39338684523809,6.326810089285711,1,C1=CCOC2(CC1)CC1CCC3CC4(CCCCO4)NC(=[N+]13)N2
CN1C(=O)N(C)[C@]2(Oc3c(O)cc4c(c3C3=C2C(=O)c2c(CCN)c[nH]c2C3=O)CC[N+]4(C)C)C1=O,6.141555555555556,6.510105403439152,6.325830479497354,0,O=C1NC(=O)C2(N1)Oc1ccc3c(c1C1=C2C(=O)c2cc[nH]c2C1=O)CC[NH2+]3
COC1=C(Br)C[C@]2(OC=C1Br)ON=C(C(=O)NCCCOc1c(Br)cc(CCNC=C3C(=O)CC(Cl)C3=O)cc1Br)[C@@H]2O,6.549952222222221,6.09375549182299,6.321853857022606,1,O=C1CCC(=O)C1=CNCCc1ccc(OCCCNC(=O)C2=NOC3(CC=CC=CO3)C2)cc1
COC1=C(C)C(=O)C2=C(C1=O)[C@@H]1[C@@H]3CC4=C(C(=O)C(OC)=C(C)C4=O)[C@H](CO)N3[C@@H](CC(C)=O)[C@H](C2)N1C,6.371688888888889,6.266598297258294,6.319143593073592,1,O=C1C=CC(=O)C2=C1CC1C3NC(CC4=C3C(=O)C=CC4=O)CN1C2
CCC(C)[C@@H]1NC(=O)[C@@H]2[C@@H](C)CCN2C(=O)[C@@H](C[C@H](O)CCl)OC(=O)CCNC(=O)[C@H](C)N(C)C(=O)[C@H](C(C)C)N(C)C1=O,6.433118888888893,6.201488512566133,6.317303700727512,1,O=C1CNC(=O)CNC(=O)CNC(=O)C2CCCN2C(=O)COC(=O)CCN1
CC(C)=CC(=O)NCCCOc1c(I)cc(CCNC(=O)Cc2ccc(O)cc2)cc1I,6.44406666666666,6.187624137806633,6.315845402236647,1,O=C(Cc1ccccc1)NCCc1ccccc1
CO/C(=C1/NC(=O)[C@@H](Cc2ccc(O)c(Br)c2)N(C)C(=O)[C@H](C)NC(=O)C[C@H](O)C/C=C(\C)CC[C@H](C)OC1=O)c1ccccc1,6.42448555555556,6.206776349206344,6.315630952380952,1,O=C1CCCC=CCCCOC(=O)C(=Cc2ccccc2)NC(=O)C(Cc2ccccc2)NC(=O)CN1
COC1=C(Br)C(O)C2(C=C1Br)CC(C(=O)NCC(O)c1cc(Br)c(OC[C@@H]3COC(=O)N3)c(Br)c1)=NO2,6.460609999999998,6.169133300264548,6.3148716501322735,1,O=C1NC(COc2ccc(CCNC(=O)C3=NOC4(C=CC=CC4)C3)cc2)CO1
COC(=O)C[C@@H]1NC(=O)[C@@H]2CCCN2C(=O)[C@@H]2CCCN2C(=O)[C@@H]2CCCN2C(=O)[C@H](CC(C)C)NC(=O)[C@H](C(C)C)NC(=O)[C@H](Cc2ccccc2)NC1=O,6.377463333333333,6.24644399801587,6.311953665674602,1,O=C1CNC(=O)C(Cc2ccccc2)NC(=O)CNC(=O)C2CCCN2C(=O)C2CCCN2C(=O)C2CCCN2C(=O)CN1
CS[C@@H]1C(=O)N(C)[C@](Cc2ccc(OC/C=C(\C)C(=O)NCCC(=O)O)cc2)(SC)C(=O)N1C,6.338112222222222,6.285087956349206,6.311600089285713,1,O=C1CNC(=O)C(Cc2ccccc2)N1
CCC[C@H](O)CC(=O)N1CC[C@@]23c4ccccc4N[C@@H]4N(C)c5cccc6c5[C@@]42CCN([C@@H]13)[C@@H]6[C@H]1OC1(C)C,6.326683333333336,6.294890496031738,6.310786914682537,1,c1ccc2c(c1)NC1Nc3cccc4c3C13CCN(C4C1CO1)C1NCCC213
C[N+](C)(C)C[C@H](c1c[nH]c2cc(Br)ccc12)c1c2ccnc3c2c(c2nc(CS(=O)(=O)[O-])oc12)NC=C3,6.312544444444445,6.3055081613756565,6.30902630291005,1,C1=Cc2nccc3c(Cc4c[nH]c5ccccc45)c4ocnc4c(c23)N1
CO[C@@H]1/C=C(C)/C=C/[C@@H](C)/C=C(\C)C(=O)O[C@H](/C(C)=C/C=C(\C)CNC(=O)[C@H](COS(=O)(=O)[O-])NC=O)[C@@H](C)/C=C/C=C/[C@@H](OC)CC/C=C(C)\C=C\C1.[Na+],6.32402222222222,6.289265218253963,6.306643720238092,1,O=C1C=CCC=CC=CCCC=CC=CCCCC=CC=CCCO1
C=C[C@@](C)(CCC=C(C)C)c1ccc2c3c1NC(=O)[C@@]3(O)C[C@@H](CO)NC(=O)[C@H](C(C)C)N2C,6.287344444444446,6.322237619047616,6.304791031746031,0,O=C1CNc2cccc3c2C(CCN1)C(=O)N3
C=CC(C)(C)c1[nH]c2c(C/C=C(\C)CO)cc(CC=C(C)C)cc2c1C[C@@H]1NC(=O)[C@H](C)NC1=O,6.364988888888887,6.243384395743144,6.304186642316015,0,O=C1CNC(=O)C(Cc2c[nH]c3ccccc23)N1
COC1=C(Br)[C@H](O)[C@@]2(C=C1Br)CC(C(=O)NCCCCNC(=O)C1=NO[C@]3(C=C(Br)C(OC)=C(Br)[C@@H]3O)C1)=NO2,6.58682777777778,6.020937943121689,6.303882860449734,1,O=C(NCCCCNC(=O)C1=NOC2(C=CC=CC2)C1)C1=NOC2(C=CC=CC2)C1
CO/C(C)=C/C(=O)N(C)[C@@H](Cc1ccc(OC)cc1)C(=O)N(C)[C@@H](CC(C)C)C(=O)N(C)[C@H](C(=O)N1CCC[C@H]1c1nccs1)C(C)C,6.504438888888892,6.101963690476189,6.303201289682541,1,O=C(CCc1ccccc1)NCC(=O)NCC(=O)N1CCCC1c1nccs1
COC1=C(Br)C[C@]2(OC=C1Br)ON=C(C(=O)NCCCOc1c(Br)cc(CCNC=C3C(=O)C=CC3=O)cc1Br)[C@@H]2O,6.523506666666664,6.0810836267436255,6.302295146705145,1,O=C1C=CC(=O)C1=CNCCc1ccc(OCCCNC(=O)C2=NOC3(CC=CC=CO3)C2)cc1
COCn1cc(C[C@@H]2NC(=O)[C@@H]3CCCN3C2=O)c2ccccc21,6.172777777777776,6.428211598124096,6.300494687950936,0,O=C1NC(Cc2c[nH]c3ccccc23)C(=O)N2CCCC12
COc1ccc(C[C@@H]2NC(=O)/C(C)=C/C3CSC(=N3)[C@@H](C)[C@@H](O)C[C@H](C)C[C@@H](C(C)(C)C)OC(=O)[C@H](C)N(C)C(=O)[C@H](C(C)C)N(C)C(=O)[C@H](C)N(C)C2=O)cc1,6.492955555555562,6.107632645502641,6.3002941005291015,1,O=C1C=CC2CSC(=N2)CCCCCCOC(=O)CNC(=O)CNC(=O)CNC(=O)C(Cc2ccccc2)N1
CC[C@H](C)[C@H]1C(=O)N[C@@H](C(C)C)C(=O)N[C@H](C)[C@@H](C)C(=O)N[C@@H](CC(C)C)C(=O)N[C@@H](Cc2ccccc2)C(=O)O[C@@H](C(C)C)C(=O)N2CCC[C@H]2C(=O)N(C)[C@@H](C)C(=O)N(C)[C@@H](CC(C)C)C(=O)N1C,6.352985555555555,6.244447119708995,6.298716337632275,1,O=C1CCNC(=O)CNC(=O)CNC(=O)CNC(=O)CNC(=O)C2CCCN2C(=O)COC(=O)C(Cc2ccccc2)NC(=O)CN1
CCC[C@H]1NC(=O)c2csc(n2)[C@H](C(C)C)NC(=O)[C@H](Cc2ccc(OC)cc2)N(C)C(=O)[C@H](Cc2ccc(OC)cc2)N(C)C(=O)[C@H](C(C)C)NC(=O)[C@H]1C,6.366994444444448,6.229476001984128,6.298235223214288,1,O=C1CCNC(=O)c2csc(n2)CNC(=O)C(Cc2ccccc2)NC(=O)C(Cc2ccccc2)NC(=O)CN1
CN1C(=O)N=C([N-]c2nc(Cc3ccc4c(c3)OCO4)cn2C)C1=O.CN1C(=O)N=C([N-]c2nc(Cc3ccc4c(c3)OCO4)cn2C)C1=O.[Zn+2],6.453372222222229,6.142432764550268,6.297902493386248,1,O=C1N=C([N-]c2nc(Cc3ccc4c(c3)OCO4)c[nH]2)C(=O)N1.O=C1N=C([N-]c2nc(Cc3ccc4c(c3)OCO4)c[nH]2)C(=O)N1
C=C[C@@](C)(CCC=C(C)C)c1ccc2c3c(c[nH]c13)C[C@@H](COC(C)=O)NC(=O)[C@H](C(C)C)N2C,6.182216666666665,6.413422629870129,6.297819648268398,1,O=C1CNc2cccc3[nH]cc(c23)CCN1
COc1cc(CC(=O)NCCCCNC(=O)CC(=O)NCCC(=O)c2ccccc2NC=O)ccc1O,6.397410000000007,6.196222110389612,6.296816055194809,1,O=C(CC(=O)NCCC(=O)c1ccccc1)NCCCCNC(=O)Cc1ccccc1
C=CCCC[C@@H]1OC(=O)[C@H](C)NC(=O)[C@H](CC(C)C)NC(=O)[C@@H]2CCCN2C(=O)[C@H]([C@@H](C)CC)OC(=O)[C@H](C(C)C)N(C)C(=O)[C@H](C(C)C)NC(=O)C1(C)C,6.321222222222222,6.271263419312166,6.296242820767194,1,O=C1CCOC(=O)CNC(=O)CNC(=O)C2CCCN2C(=O)COC(=O)CNC(=O)CN1
C/C1=C\[C@H](C)C[C@@H](C)OC(=O)C[C@H](c2ccc(O)cc2)NC(=O)[C@@H](Cc2ccc(O)c(I)c2)N(C)C(=O)[C@H](C)NC(=O)[C@@H](C)C1,6.435755555555554,6.1562222023809445,6.295988878968249,1,O=C1CCC=CCCCOC(=O)CC(c2ccccc2)NC(=O)C(Cc2ccccc2)NC(=O)CN1
CN(C)CCCOc1ccc(CCNC(=O)c2cc(Br)c[nH]2)cc1Br,6.350715555555553,6.241087579365074,6.295901567460314,0,O=C(NCCc1ccccc1)c1ccc[nH]1
COC1=C(Br)[C@H](O)[C@]2(C=C1Br)CN=C(C(=O)NCCCC(=O)CNC(=O)C1=NO[C@]3(C=C(Br)C(OC)=C(Br)[C@@H]3O)C1)C2,6.568088888888892,6.020937943121689,6.294513416005291,1,O=C(CCCNC(=O)C1=NCC2(C=CC=CC2)C1)CNC(=O)C1=NOC2(C=CC=CC2)C1
C[C@@H]1C[C@@]23C[C@H]4C(C)(C)[C@@]5(C[C@]4(C[N+]2([O-])C1)N(C)C3=O)C(=O)Nc1c5ccc2c1C(=O)CC(C)(C)O2,6.1530777777777805,6.435173865740742,6.294125821759261,0,O=C1CCOc2ccc3c(c21)NC(=O)C31CC2CC34CCC[NH+]3CC2(C1)NC4=O
COC1=C(Br)[C@H](O)[C@@]2(C=C1Br)CC(C(=O)NCCCCCNC(=O)C1=NO[C@]3(C=C(Br)C(OC)=C(Br)[C@@H]3O)C1)=NO2,6.566172222222223,6.020937943121689,6.293555082671956,1,O=C(NCCCCCNC(=O)C1=NOC2(C=CC=CC2)C1)C1=NOC2(C=CC=CC2)C1
CCCCC(C)C(=O)N1CCC[C@H]1C(=O)N(C)C(Cc1ccccc1)C(=O)NCC(=O)N(C)[C@@H](C(=O)N(C)[C@H](C(=O)NCC(=O)N(C)C(Cc1ccccc1)C(=O)N1CCC[C@@H]1C(=O)OC)[C@@H](C)CC)C(C)C,6.480441111111111,6.105052807539681,6.292746959325396,1,O=C(CNC(=O)CNC(=O)C(Cc1ccccc1)NC(=O)C1CCCN1)NCC(=O)NCC(=O)NC(Cc1ccccc1)C(=O)N1CCCC1
CCC[C@H]1NC(=O)c2csc(n2)[C@H](C)NC(=O)[C@H](C(C)C)N(C)C(=O)[C@H](Cc2ccc(O)cc2)N(C)C(=O)[C@H](C(C)C)OC(=O)[C@H]1C,6.3050688888888935,6.278117695105821,6.291593291997357,1,O=C1CNC(=O)C(Cc2ccccc2)NC(=O)COC(=O)CCNC(=O)c2csc(n2)CN1
COc1cc(CCN(C)C)c2c(c1O)Sc1c(CCN(C)C)cc(OC)c(O)c1S2,6.37874555555556,6.202479484487734,6.290612520021647,0,c1ccc2c(c1)Sc1ccccc1S2
CCC1CC(C)CC(=O)N(C)/C=C/CCC(C)C(=O)N[C@@H](C(C)C)C(=O)N(C)[C@@H](Cc2ccccc2)C(=O)N(C)[C@@H](C(C)O)C(=O)N(C)[C@@H](Cc2ccccc2)C(=O)O1,6.344291111111115,6.235831091269835,6.290061101190475,1,O=C1CCCCOC(=O)C(Cc2ccccc2)NC(=O)CNC(=O)C(Cc2ccccc2)NC(=O)CNC(=O)CCCC=CN1
CCCCCC(=O)N[C@H](C(=O)N[C@@H](CC[S+](C)[O-])C(=O)N[C@@H](CC(C)C)C(=O)[C@@]1(C)CO1)C(C)C,6.270150000000003,6.302963630952377,6.28655681547619,1,C1CO1
C/C=C(/C)C(=O)OCC1C2=C(C=CN1C=O)C(=O)C(C)=C(OC)C2=O,6.36078333333333,6.209796612554114,6.285289972943723,0,O=C1C=CC(=O)C2=C1C=CNC2
C[C@H]1Cc2c(Cl)cc(C(=O)N[C@H](Cc3ccccc3)C(=O)OCC(O)C(O)CO)c(O)c2C(=O)O1,6.202782222222223,6.367165876322747,6.284974049272485,1,O=C(NCCc1ccccc1)c1ccc2c(c1)C(=O)OCC2
C#CCCCC1OC(=O)CCNC(=O)[C@@H](Cc2ccccc2)N(C)C(=O)[C@H](C(C)C)OC(=O)[C@H]([C@@H](C)CC)NC(=O)C1(C)C,6.323938888888889,6.24151991071428,6.2827293998015845,1,O=C1CCOC(=O)CCNC(=O)C(Cc2ccccc2)NC(=O)COC(=O)CN1
CO[C@@H]1CC(=O)N2c3cc(O)cc4c3O[C@@H](C=CC=CC[C@H](OC(=O)[C@@H](C)NC(=O)CC(C)C)[C@H](C)[C@@H](O)/C(C)=C\CC4)[C@H]12,6.364188888888887,6.199730353835975,6.281959621362431,1,O=C1CCC2C3C=CC=CCCCCC=CCCc4cccc(c4O3)N12
CC[C@H](C)[C@@H](OC(=O)/C=C\c1ccccc1)C(=O)N1CCC[C@H]1C(=O)NCC(=O)N(C)[C@@H](CC(C)C)C(=O)N[C@@H](C)C(=O)N(C)[C@H](Cc1ccccc1)C(=O)N1CCC[C@H]1C(=O)OC,6.446211111111112,6.117598115079362,6.281904613095238,1,O=C(CNC(=O)CNC(=O)C1CCCN1C(=O)COC(=O)C=Cc1ccccc1)NCC(=O)NC(Cc1ccccc1)C(=O)N1CCCC1
CC(C)=CC[C@@]12C[C@H]3C(=O)N4[C@H]5Nc6ccccc6[C@@]5(C)C[C@H]4C(=O)N3[C@@H]1N(C)c1ccccc12,6.140790000000005,6.421324404761902,6.281057202380953,0,O=C1C2CC3c4ccccc4NC3N2C(=O)C2CC3c4ccccc4NC3N12
COC(=O)[C@@H]1CCCN1C(=O)[C@@H](Cc1ccccc1)N(C)C(=O)[C@H](C)NC(=O)[C@H](CC(C)C)N(C)C(=O)CNC(=O)[C@@H]1CCCN1C(=O)[C@H](O)C(C)C,6.456652222222225,6.104504156746028,6.280578189484126,1,O=C(CNC(=O)CNC(=O)C1CCCN1)NCC(=O)NC(Cc1ccccc1)C(=O)N1CCCC1
CCC[C@H]1NC(=O)[C@@H]2CCCN2C(=O)[C@H]([C@H](C)Cc2ccccc2)NC(=O)[C@@H]2CCCN2C(=O)[C@@H](C(C)C)N(C)C(=O)[C@H](C(C)C)OC(=O)[C@@H]2CCCN2C(=O)[C@H](Cc2ccccc2)OC(=O)[C@@H]1C,6.295566666666665,6.264596068121689,6.280081367394176,1,O=C1COC(=O)C2CCCN2C(=O)C(Cc2ccccc2)OC(=O)CCNC(=O)C2CCCN2C(=O)C(CCc2ccccc2)NC(=O)C2CCCN2C(=O)CN1
C/C(=C\[C@H](C)C[C@H](C)OC(=O)CC(=O)c1ccc(O)c(O)c1)C[C@H](C)C(=O)N[C@@H](C)C(=O)N(C)[C@H](Cc1c(Br)[nH]c2ccccc12)C(N)=O,6.444655555555554,6.114543888888887,6.279599722222221,1,O=C(CCC=CCCCOC(=O)CC(=O)c1ccccc1)NCC(=O)NCCc1c[nH]c2ccccc12
CCC[C@H]1NC(=O)c2csc(n2)[C@H](C)NC(=O)[C@H](Cc2ccccc2)N(C)C(=O)[C@H](Cc2ccc(O)cc2)N(C)C(=O)[C@H](C)OC(=O)[C@@H]1C,6.278963333333333,6.278117695105821,6.278540514219577,1,O=C1COC(=O)CCNC(=O)c2csc(n2)CNC(=O)C(Cc2ccccc2)NC(=O)C(Cc2ccccc2)N1
C#CCCCC1NC(=O)[C@H](C)N(C)C(=O)[C@H](C(C)C)NC(=O)[C@H](Cc2ccc(OC)cc2)N(C)C(=O)C(C(C)CC)OC(=O)C1C,6.317250000000002,6.238675009920634,6.277962504960318,1,O=C1CNC(=O)CNC(=O)C(Cc2ccccc2)NC(=O)COC(=O)CCN1
C/C1=C\[C@H](C)C[C@H](C)OC(=O)C[C@H](c2ccc(O)cc2)NC(=O)[C@@H](C[C@]2(O)C(=O)Nc3ccccc32)N(C)C(=O)C(C)NC(=O)[C@@H](C)C1,6.395213333333338,6.157347367724862,6.2762803505291,1,O=C1CCC=CCCCOC(=O)CC(c2ccccc2)NC(=O)C(CC2C(=O)Nc3ccccc32)NC(=O)CN1
CCCC1NC(=O)CNC(=O)[C@@H](Cc2ccc(OC)cc2)N(C)C(=O)[C@H](C(C)C)OC(=O)[C@H](C(C)C)N(C)C(=O)[C@H](C(C)C)OC(=O)C1C,6.288796666666668,6.262022371031744,6.275409518849206,1,O=C1CNC(=O)C(Cc2ccccc2)NC(=O)COC(=O)CNC(=O)COC(=O)CCN1
COc1cc(CCN(C)C)c2sc3c(O)c(OC)cc(CCN(C)C)c3ssc2c1O,6.342117777777782,6.199029394300144,6.270573586038963,0,c1ccc2sc3ccccc3ssc2c1
CN1C(=O)C(/N=c2/n(C)cc(Cc3ccc4c(c3)OCO4)n2C)=NC/1=N\CCS(=O)(=O)O,6.354450000000008,6.186284351851855,6.270367175925932,0,N=C1N=C(N=c2[nH]cc(Cc3ccc4c(c3)OCO4)[nH]2)C(=O)N1
CC[C@H](C)[C@H]1NC(C)(C)NC(=O)[C@@H](Cc2c[nH]c3cc(I)cc(I)c23)NC1=O,6.251427777777774,6.287747033730155,6.269587405753965,1,O=C1CNCNC(=O)C(Cc2c[nH]c3ccccc23)N1
COC(=O)O[C@@]12C(=O)N[C@@H](Cc3ccc(OC)cc3)[C@@H]1[C@H](C)[C@@]1(C)O[C@H]1[C@@H]2/C=C/C[C@H](C)C(=O)[C@](C)(O)CC(OC)OC,6.344611111111113,6.191714684644054,6.268162897877583,1,O=C1NC(Cc2ccccc2)C2CC3OC3CC12
C=CC(C)(C)O[C@H](C)[C@@H]1NC(=O)[C@H]2CSC(=N2)[C@@H](Cc2ccccc2)NC(=O)[C@@H]2CCCN2C(=O)[C@H](CO)NC(=O)[C@H](CC(C)C)NC1=O,6.243661111111113,6.292034186507933,6.267847648809523,1,O=C1CNC(=O)CNC(=O)C2CSC(=N2)C(Cc2ccccc2)NC(=O)C2CCCN2C(=O)CN1
CC[C@@H](C)[C@@H]1NC(=O)CN(C)C(=O)[C@@H](Cc2ccccc2)N(C)C(=O)[C@H](C)NC(=O)[C@@H]([C@@H](C)CC)OC(=O)/C(C)=C/C[C@H](O)[C@H](C)C[C@H]([C@@H](C)CC)OC(=O)[C@H](C)N(C)C1=O,6.403557777777781,6.1318019047619,6.267679841269841,1,O=C1CNC(=O)CNC(=O)C(Cc2ccccc2)NC(=O)CNC(=O)COC(=O)C=CCCCCCOC(=O)CN1
CC[C@@H](C)[C@@H]1NC(=O)[C@H](Cc2ccc(O)cc2)N(C)C(=O)[C@H](Cc2ccccc2)NC(=O)CN(C)C(=O)[C@@H]2CCCN2C(=O)[C@@H](Cc2ccc(O)cc2)N(C)C(=O)[C@H](CC(C)C)NC1=O,6.389552222222224,6.144051656746033,6.266801939484129,1,O=C1CNC(=O)C(Cc2ccccc2)NC(=O)C(Cc2ccccc2)NC(=O)CNC(=O)C2CCCN2C(=O)C(Cc2ccccc2)NC(=O)CN1
C#CCCC[C@@H]1OC(=O)CNC(=O)[C@H](Cc2ccccc2)N(C)C(=O)[C@@H]2CCCN2C(=O)[C@@H]([C@@H](C)CC)OC(=O)[C@H](C(C)C)N(C)C(=O)[C@H](C(C)C)NC(=O)C1(C)C,6.2871855555555545,6.245398191137562,6.266291873346559,1,O=C1CCOC(=O)CNC(=O)C(Cc2ccccc2)NC(=O)C2CCCN2C(=O)COC(=O)CNC(=O)CN1
C=C1C[C@H](C)C(=O)N[C@@H](C)C(=O)N(C)[C@H](Cc2ccc(O)c(I)c2)C(=O)N[C@@H](C)C(=O)O[C@@H](C)C[C@@H](C)C1=O,6.465233333333334,6.063527103174599,6.264380218253967,1,C=C1CCC(=O)NCC(=O)NC(Cc2ccccc2)C(=O)NCC(=O)OCCCC1=O
C=CC(C)(C)OC[C@@H]1NC(=O)N[C@H]([C@@H](C)CC)C(=O)[C@@H]2CCCN2C(=O)[C@H]([C@H](C)CC)NC(=O)[C@@H]2CSC(=N2)[C@@H]2CCCN2C(=O)[C@H](Cc2ccccc2)NC1=O,6.334866666666668,6.192101666666662,6.2634841666666645,1,O=C1CNC(=O)NCC(=O)C2CCCN2C(=O)CNC(=O)C2CSC(=N2)C2CCCN2C(=O)C(Cc2ccccc2)N1
CC[C@H](C)[C@H](NC(=O)[C@H](CCC(N)=O)N(C)C(=O)[C@H](CC(C)C)NC(=O)[C@@H](O)CC(C)C)C(=O)NCC(=O)N(C)[C@H](Cc1ccccc1)C(=O)N1CCC[C@H]1C(=O)OC,6.440930000000003,6.085347390873012,6.263138695436508,1,O=C(CCc1ccccc1)N1CCCC1
C=C(CCNC(=O)CC/C=C/C[C@H](CCCCCCC)OC)[C@]12O[C@H]1[C@H](O[C@H]1OC[C@H](OC)[C@@H](O)[C@@H]1OC)C=C(C)C2=O,6.453363333333334,6.066069126984122,6.259716230158728,1,O=C1C=CC(OC2CCCCO2)C2OC12
C#CCCC[C@H]1OC(=O)[C@H](C(C)C)N(C)C(=O)[C@@H]2CCCN2C(=O)[C@H]([C@@H](C)CC)OC(=O)[C@H](C(C)CC)N(C)C(=O)[C@H]([C@@H](C)CC)NC(=O)[C@H]1C,6.277068888888889,6.239558330026455,6.258313609457671,1,O=C1CCOC(=O)CNC(=O)C2CCCN2C(=O)COC(=O)CNC(=O)CN1
COC1=C(Br)[C@H](O)[C@@]2(C=C1Br)CC(C(=O)NCCCCCNC(=O)C1=NO[C@]3(C=C(Br)C(=O)[C@@H]4O[C@@H]43)C1)=NO2,6.475446666666664,6.036101951058197,6.255774308862431,1,O=C(NCCCCCNC(=O)C1=NOC2(C=CC(=O)C3OC32)C1)C1=NOC2(C=CC=CC2)C1
CC[C@@H](O)CCCCCCCCCCC(=O)N[C@H]1CSSC[C@@H](C(=O)OC)NC(=O)[C@H](CC(C)C)NC(=O)[C@@H]2CCCN2C(=O)[C@@H]2CCCN2C1=O,6.4401077777777775,6.0623171031746,6.251212440476189,1,O=C1CNC(=O)C2CCCN2C(=O)C2CCCN2C(=O)CCSSCCN1
C=CCCC[C@H]1OC(=O)[C@H]([C@@H](C)CC)NC(=O)[C@@H]2CCCN2C(=O)[C@H](Cc2ccccc2)OC(=O)[C@H](C(C)C)N(C)C(=O)[C@H](C(C)C)NC(=O)[C@H]1C,6.224552222222221,6.276126236772481,6.250339229497351,1,O=C1CCOC(=O)CNC(=O)C2CCCN2C(=O)C(Cc2ccccc2)OC(=O)CNC(=O)CN1
CCCC1OC(=O)CNC(=O)[C@H](Cc2ccccc2)N(C)C(=O)[C@@H]2CCCN2C(=O)[C@H](Cc2ccccc2)N(C)C(=O)[C@H](C(C)C)NC(=O)C1(C)C,6.244776666666664,6.255764738756612,6.250270702711638,1,O=C1CCOC(=O)CNC(=O)C(Cc2ccccc2)NC(=O)C2CCCN2C(=O)C(Cc2ccccc2)NC(=O)CN1
COc1c(O)cc(CCN)c2c1SSSSS2,6.149565555555555,6.350877189935065,6.25022137274531,0,c1ccc2c(c1)SSSSS2
CCCCC[C@@H]1OC(=O)[C@H](C)NC(=O)[C@H](C(C)C)NC(=O)[C@@H]2CCCN2C(=O)[C@H](Cc2ccccc2)OC(=O)C(C(C)C)N(C)C(=O)[C@H](C(C)C)NC(=O)C1(C)C,6.253799841269841,6.245398191137562,6.249599016203701,1,O=C1CCOC(=O)CNC(=O)CNC(=O)C2CCCN2C(=O)C(Cc2ccccc2)OC(=O)CNC(=O)CN1
C/C=C(/C)C(=O)OC[C@H]1c2c(cc(C)c(OC)c2O)C[C@H]2[C@H]3C4=C(C[C@@H]([C@H](C#N)N12)N3C)C(=O)C(C)=C(OC)C4=O,6.388572222222223,6.11059643217893,6.249584327200576,1,O=C1C=CC(=O)C2=C1CC1CN3Cc4ccccc4CC3C2N1
C=C(C)CCOc1ccc(C[C@@H]2NC(=O)[C@H]([C@@H](C)CC)N(C)C(=O)[C@H](C)NC(=O)[C@@H]3CCCN3C(=O)C(Cc3ccccc3)OC(=O)[C@H](C)N(C)C2=O)cc1,6.347546666666665,6.150786236772487,6.249166451719576,1,O=C1CNC(=O)C2CCCN2C(=O)C(Cc2ccccc2)OC(=O)CNC(=O)C(Cc2ccccc2)NC(=O)CN1
CCOC(=O)NCCCCCNC(=O)C1=NO[C@]2(C=C(Br)C(OC)=C(Br)[C@@H]2O)C1,6.34082444444444,6.157250978835978,6.249037711640209,1,C1=CCC2(C=C1)CC=NO2
COC1=C(Br)C(O)C2(C=C1Br)CN=C(C(=O)NCCCOc1c(Br)cc(C(O)CN)cc1Br)O2,6.432415555555557,6.0631887896825365,6.247802172619046,1,O=C(NCCCOc1ccccc1)C1=NCC2(C=CC=CC2)O1
C=CC(C)(C)[C@@]12C=C(O)C(=O)N3/C(=C/c4cn(C(C)(C)CC(=O)CC(C)(C)O)cn4)C(=O)N[C@]31N(OC)c1ccccc12,6.1668944444444485,6.327928207671956,6.247411326058202,1,O=C1NC23Nc4ccccc4C2C=CC(=O)N3C1=Cc1c[nH]cn1
COC1C(=O)N(C)C(OC)C1OC(CN(C)c1cn(C)cn1)C(O)CO,6.295822222222218,6.198878452380954,6.247350337301586,0,O=C1CC(OCCNc2c[nH]cn2)CN1
CCC[C@H]1NC(=O)[C@@H](NC(C)=O)[C@@H](C)OC(=O)[C@H](C(C)C)NC(=O)[C@H](Cc2ccc(OC)cc2)N(C)C(=O)[C@@H]2CCCN2C(=O)[C@@H]2CCCN2C1=O,6.318157777777771,6.174989074074073,6.246573425925922,1,O=C1CCOC(=O)CNC(=O)C(Cc2ccccc2)NC(=O)C2CCCN2C(=O)C2CCCN2C(=O)CN1
CC[C@H](C)[C@@H](C(=O)N[C@@H](Cc1ccc(OCC=C(C)C)cc1)C(=O)O)N(C)C(=O)[C@H](CO)NC(=O)[C@@H]1CCCN1C(=O)C(O)Cc1ccccc1,6.209877777777774,6.282043591269839,6.245960684523807,1,O=C(CNC(=O)CNC(=O)C1CCCN1C(=O)CCc1ccccc1)NCCc1ccccc1
C=C1/C=C/C(=O)N(C)C(=O)NC(CCC(N)=O)C(=O)OC(C(C)CC(C)CC(C)CC)C(C)C(=O)N1,6.039466666666666,6.4521770833333285,6.245821874999997,1,C=C1C=CC(=O)NC(=O)NCC(=O)OCCC(=O)N1
C#CCCC[C@@H]1OC(=O)CNC(=O)[C@H]([C@@H](C)CC)NC(=O)[C@@H]2CCCN2C(=O)[C@H]([C@@H](C)CC)OC(=O)[C@H](Cc2ccccc2)N(C)C(=O)[C@H](C(C)C)NC(=O)C1(C)C,6.245374444444445,6.245398191137562,6.245386317791004,1,O=C1CCOC(=O)CNC(=O)CNC(=O)C2CCCN2C(=O)COC(=O)C(Cc2ccccc2)NC(=O)CN1
CCCCCC[C@H](C)[C@@H]1CC(=O)NCC(=O)N[C@@H](C(C)C)C(=O)N[C@H](CC(C)C)C(=O)N[C@@H](C)C(=O)N[C@@H](CCSC)C(=O)O1,6.13074666666667,6.3595762797619,6.245161473214285,1,O=C1CCOC(=O)CNC(=O)CNC(=O)CNC(=O)CNC(=O)CN1
CC(C)C[C@@H]1NC(=O)[C@H](C)NC(=O)C(NC(=O)C(N)Cc2ccccc2)Cc2cn(c3ccccc23)C23CC(NC1=O)C(=O)N1C(Cc4ccccc4)C(=O)N(c4ccccc42)C13,6.27478888888889,6.215503670634919,6.245146279761904,1,O=C1CNC(=O)C(NC(=O)CCc2ccccc2)Cc2cn(c3ccccc23)C23CC(NC(=O)CN1)C(=O)N1C(Cc4ccccc4)C(=O)N(c4ccccc42)C13
C=CC(C)(C)OC[C@@H]1NC(=O)CNC(=O)[C@@H]2CCCN2C(=O)[C@H](C(C)CC)NC(=O)[C@@H]2CSC(=N2)[C@H](CC(C)C)NC1=O,6.248350000000003,6.241641051587298,6.244995525793651,1,O=C1CNC(=O)CNC(=O)C2CCCN2C(=O)CNC(=O)C2CSC(=N2)CN1
CCCCCCCCCc1nc(N)[n+]2c(c1C(=O)OCCCCCCCNC(=N)N)CCC2,6.1547188888888895,6.334929237012985,6.244824062950937,0,c1cc2[n+](cn1)CCC2
CCCC(=O)N[C@@H]1C(=O)N[C@@H](CC(C)C)C(=O)N[C@H]2CC[C@@H](O)N(C2=O)[C@@H](CC(C)C)C(=O)N(C)[C@@H](Cc2ccccc2)C(=O)N[C@@H](C(C)C)C(=O)O[C@@H]1C,6.177663333333331,6.31074277777777,6.24420305555555,1,O=C1CCOC(=O)CNC(=O)C(Cc2ccccc2)NC(=O)CN2CCCC(NC(=O)CN1)C2=O
C[N+](C)(C)CCOC(OCC(O)COC(=O)c1c[nH]c2cc(Br)ccc12)C(=O)O,6.192568888888891,6.292811453823955,6.242690171356423,0,c1ccc2[nH]ccc2c1
CC[C@H](C)[C@H]1NC(=O)[C@H](Cc2ccc(O)cc2)N(C)C(=O)[C@@H](C)N(C)C(=O)[C@H](C)NC(=O)CN(O)C(=O)[C@@H](CC(C)C)N(C)C(=O)[C@@H](C)NC1=O,6.276465555555554,6.208174394841267,6.242319975198411,1,O=C1CNC(=O)CNC(=O)CNC(=O)C(Cc2ccccc2)NC(=O)CNC(=O)CNC(=O)CN1
C/C(=C\Cn1cnc2c1C(=O)N(C)CN2C)CC/C=C(\C)CCC/C(C)=C/C(=O)CC(C)C,6.18095222222222,6.303602293771044,6.242277257996632,1,O=C1NCNc2nc[nH]c21
CC(C)C[C@@H]1OC(=O)CCNC(=O)[C@H](CC(C)C)N(C)C(=O)[C@H](C(C)C)N(C)C(=O)[C@H](Cc2ccc(O)cc2)NC(=O)[C@@H]2CCCN2C1=O,6.24933,6.234309302248676,6.241819651124338,1,O=C1CNC(=O)CNC(=O)C(Cc2ccccc2)NC(=O)C2CCCN2C(=O)COC(=O)CCN1
CCC(C)[C@@H]1C(=O)N2CCC[C@H]2C(=O)NC(C(C)Cc2ccccc2)C(=O)N2CCC[C@H]2C(=O)NC(C(C)C)C(C)C(=O)OC(C)C(=O)N2CCC[C@H]2C(=O)O[C@H](C(C)C)C(=O)N1C,6.292555555555555,6.182224004629628,6.237389780092592,1,O=C1COC(=O)C2CCCN2C(=O)COC(=O)CCNC(=O)C2CCCN2C(=O)C(CCc2ccccc2)NC(=O)C2CCCN2C(=O)CN1
CCCCC(C)CC(C)C(=O)N(C)[C@@H](CC(C)C)C(=O)N[C@H](C(=O)N(C)[C@H](C(=O)N1C[C@@H](O)C[C@H]1C(=O)N1C(=O)C=CC1C)C(C)C)C(C)OC(C)=O,6.248885555555557,6.225405773809518,6.237145664682537,1,O=C1C=CCN1C(=O)C1CCCN1
C[C@H]1CN2C[C@]34C[C@@]5(C(=O)Nc6c5ccc5c6C(=O)CC(C)(C)O5)C(C)(C)[C@@H]3C[C@@]2(C1)C(=O)N4C,6.0382722222222265,6.435173865740742,6.236723043981485,0,O=C1CCOc2ccc3c(c21)NC(=O)C31CC2CC34CCCN3CC2(C1)NC4=O
C=CC(C)(C)OC[C@@H]1NC(=O)[C@H]([C@@H](C)CC)NC(=O)[C@H]2CCCN2C(=O)[C@H]([C@H](C)CC)NC(=O)[C@@H]2CCC(=N2)[C@@H]2CCCN2C(=O)[C@H](Cc2ccccc2)NC1=O,6.289891111111111,6.181452797619044,6.235671954365078,1,O=C1CNC(=O)C2CCCN2C(=O)CNC(=O)C2CCC(=N2)C2CCCN2C(=O)C(Cc2ccccc2)NC(=O)CN1
CCCCOC(=O)CCNc1nc(=O)n(C)c2c1ncn2C,6.108324444444441,6.362844690957192,6.235584567700816,0,O=c1ncc2nc[nH]c2[nH]1
CC(C)C[C@H]1NC(=O)[C@H](C)NC(=O)[C@H](CC(C)C)N(C)C(=O)[C@H]2CCCCN2C(=O)c2ccccc2NC(=O)[C@H](C(C)C)NC1=O,6.116057777777777,6.354240089285712,6.235148933531745,1,O=C1CNC(=O)CNC(=O)C2CCCCN2C(=O)c2ccccc2NC(=O)CNC(=O)CN1
COc1cc(/C=C/C(=O)N(C)CC(OCCOCCO)c2ccc(O)cc2)ccc1O,6.296726666666669,6.172883142135639,6.2348049044011535,0,O=C(C=Cc1ccccc1)NCCc1ccccc1
CC/C=C(\C)[C@H]1OC(=O)[C@H](C)N(C)C(=O)[C@H](C(C)C)NC(=O)CN(C)C(=O)[C@@H](C)N(C)C(=O)[C@H](C(C)C)NC(=O)[C@@H]([C@@H](C)CC)OC(=O)/C(C)=C/C[C@H](C)[C@@H]1C,6.392563333333335,6.076677718253962,6.234620525793648,1,O=C1CNC(=O)CNC(=O)COC(=O)C=CCCCCOC(=O)CNC(=O)CNC(=O)CN1
C/C=C(/C)C(=O)OC[C@H]1C2=C(CC3[C@H]4C5=C(C[C@@H](C(=O)N31)N4C)C(=O)C(C)=C(OC)C5=O)C(=O)C(C)=C(OC)C2=O,6.349066666666666,6.116993706709957,6.233030186688312,1,O=C1C=CC(=O)C2=C1CC1C3NC(CC4=C3C(=O)C=CC4=O)C(=O)N1C2
COc1ccc(C[C@H]2NC(=O)/C=C/C[C@@H]([C@H](C)[C@H]3O[C@@H]3c3ccccc3)OC(=O)[C@H](CC(C)C)OC(=O)CCNC2=O)cc1,6.3472222222222205,6.116541249999995,6.231881736111108,1,O=C1C=CCC(CC2OC2c2ccccc2)OC(=O)COC(=O)CCNC(=O)C(Cc2ccccc2)N1
CCC[C@H]1C[C@@H](OC)C[C@H](C)C[C@@H]2C[C@@H](OC(=O)/C=C\CCc3coc(/C=C\CNC(=O)OC)n3)C[C@H](CC(=O)O1)O2,6.266305555555554,6.1943389009139,6.230322228234726,1,O=C(C=CCCc1cocn1)OC1CC2CCCCCCOC(=O)CC(C1)O2
C/C=C(\C)[C@@H]1OC(=O)[C@H](C)N(C)C(=O)[C@H]([C@H](C)CC)NC(=O)CN(C)C(=O)[C@@H](Cc2ccccc2)N(C)C(=O)[C@H](C)NC(=O)[C@@H]([C@@H](C)CC)OC(=O)/C(C)=C/C[C@H](O)[C@@H]1C,6.377346666666671,6.08313662698412,6.230241646825396,1,O=C1CNC(=O)CNC(=O)C(Cc2ccccc2)NC(=O)CNC(=O)COC(=O)C=CCCCCOC(=O)CN1
COc1ccc([C@]23Oc4cc(OC)cc(OC)c4[C@@]4(O)[C@H](C(=O)N(CCCCNC(=O)/C(C)=C/CO)C42O)[C@H]3c2ccccc2)cc1,6.334122222222223,6.124421364838867,6.229271793530545,1,O=C1NC2C3c4ccccc4OC2(c2ccccc2)C(c2ccccc2)C13
COc1c(-c2csc(-c3ccc4cc(Cl)ccc4n3)n2)n(C)c(C(=O)NCCOC(C)=O)c(SC)c1=O,6.29915,6.15897507936508,6.229062539682539,1,O=c1cc[nH]c(-c2csc(-c3ccc4ccccc4n3)n2)c1
CC(CC(=O)N(C)[C@@H]1C(=O)N(C)[C@@H](C)C(=O)N[C@H](C(C)C)C(=O)N(C)[C@@H](C)C(=O)N(C)[C@H](Cc2ccccc2)C(=O)N[C@@H](C(C)C)C(=O)O[C@@H]1C)C(Cl)Cl,6.283315555555556,6.173619884920632,6.228467720238094,1,O=C1CCOC(=O)CNC(=O)C(Cc2ccccc2)NC(=O)CNC(=O)CNC(=O)CN1
CC(C)C[C@@H]1NC(=O)[C@H](Cc2ccoc2)N(C)C(=O)[C@H](C(C)C)NC(=O)[C@H](Cc2ccoc2)N(C)C1=O,6.280955555555561,6.175813409391533,6.228384482473548,1,O=C1CNC(=O)C(Cc2ccoc2)NC(=O)CNC(=O)C(Cc2ccoc2)N1
C/C(=C\C(C(C)C)N(C)C(=O)C(NC(=O)C1N(C)Cc2c(c3ccccc3n2C)C1(C)C)C(C)(C)C)C(=O)O,6.298677777777778,6.156471488095236,6.227574632936507,1,c1ccc2c3c([nH]c2c1)CNCC3
Cc1cc(O)c(O)c(Oc2cc(C)cc(Oc3cc(C)cc(O)c3O)c2O)c1,6.267785555555552,6.183330873015874,6.225558214285712,0,c1ccc(Oc2cccc(Oc3ccccc3)c2)cc1
Cc1cc(O)c(O)c(Oc2cc(C)cc(O)c2Oc2cc(C)cc(O)c2O)c1,6.267785555555552,6.183330873015874,6.225558214285712,0,c1ccc(Oc2ccccc2Oc2ccccc2)cc1
C#CCCC[C@H]1OC(=O)[C@H](C(C)CC)N(C)C(=O)[C@@H]2CCCN2C(=O)[C@H](C(C)C)OC(=O)[C@@H](C(C)CC)C(C)C(=O)[C@H](C(C)C)NC(=O)[C@H]1C,6.368691111111113,6.082097159391532,6.225394135251323,1,O=C1CCC(=O)OCC(=O)N2CCCC2C(=O)NCC(=O)OCCC(=O)NC1
COC1=C(Br)[C@H](O)[C@@]2(C=C1Br)CC(C(=O)NCCCCCNC(=O)C1=NO[C@]3(C=C(Br)C(=O)[C@@H](Br)[C@@H]3O)C1)=NO2,6.414207777777777,6.036101951058197,6.225154864417987,1,O=C1C=CC2(CC1)CC(C(=O)NCCCCCNC(=O)C1=NOC3(C=CC=CC3)C1)=NO2
NC(=O)NCCCOc1c(Br)cc(CCNC=C2C(=O)C=CC2=O)cc1Br,6.421264444444443,6.028943203463208,6.225103823953825,1,O=C1C=CC(=O)C1=CNCCc1ccccc1
CC(C)C[C@@H]1NC(=O)[C@H](C)NC(=O)[C@@H](N)Cc2cn(c3ccccc23)[C@]23C[C@H](NC1=O)C(=O)N1[C@@H](Cc4ccccc4)C(=O)N(c4ccccc42)[C@@H]13,6.234702222222225,6.215503670634919,6.2251029464285725,1,O=C1CCc2cn(c3ccccc23)C23CC(NC(=O)CNC(=O)CN1)C(=O)N1C(Cc4ccccc4)C(=O)N(c4ccccc42)C13
C=C[C@@](C)(CCC=C(C)C)c1ccc2c(c1NC=O)C(=O)C[C@@H](CO)NC(=O)[C@H](C(C)C)N2C,6.147572222222225,6.295057233044733,6.221314727633478,0,O=C1CNc2ccccc2C(=O)CCN1
COc1c(Br)cc(Br)c(C[C@@H]2N(C)C(=O)[C@@H]3CCC[N@+]23C)c1Br,6.182010000000004,6.260378750000001,6.221194375000002,1,O=C1NC(Cc2ccccc2)[NH+]2CCCC12
CC[C@H](C)[C@@H](C(=O)N1C(=O)C=C(OC)[C@@H]1Cc1ccccc1)N(C)C(=O)[C@H](C(C)C)N(C)C(=O)[C@@H](NC(=O)[C@H](C(C)C)N(C)C)C(C)C,6.387133333333339,6.054745972222215,6.220939652777777,1,O=C1C=CC(Cc2ccccc2)N1
CCOC1(CCCNC(=O)C2=NO[C@@]3(C=C(Br)C(OC)=C(Br)[C@H]3O)C2)N=C(N)NC1=O,6.316018888888885,6.125830839947088,6.220924864417986,1,O=C(NCCCC1N=CNC1=O)C1=NOC2(C=CC=CC2)C1
CC(=O)CC(=O)N1C(=O)[C@@H]2[C@@H](Cc3cccc4c3C2(O)C(=O)N4C)C1(C)C,6.305196666666667,6.136199484126983,6.220698075396825,0,O=C1Nc2cccc3c2C1C1C(=O)NCC1C3
C#CCCCC1CC(=O)O[C@@H](C(C)C)C(=O)N2CCC[C@H]2C(=O)N(C)[C@@H](C(C)C)C(=O)O[C@@H](C(C)C)C(=O)N(C)[C@@H](C(C)C)C(=O)N[C@@H](CC(C)C)C(=O)N1,6.215546666666667,6.225002298280419,6.220274482473544,1,O=C1CNC(=O)CNC(=O)COC(=O)CNC(=O)C2CCCN2C(=O)COC(=O)CCN1
CC(C)=CCC/C(C)=C/C[C@@]12CCN(C)[C@@H]1Nc1c(Br)cc(Br)c(O)c12,6.233843333333335,6.20203429563492,6.217938814484127,1,c1ccc2c(c1)NC1NCCC21
C=C1/C=C/C(=O)N(C)CC(=O)N[C@@H]([C@@H](O)C(N)=O)C(=O)O[C@@H]([C@@H](C)CCCCCCCCCCCCCCC)[C@H](C)C(=O)N1,6.196733333333338,6.2267255609668055,6.211729447150072,1,C=C1C=CC(=O)NCC(=O)NCC(=O)OCCC(=O)N1
CCCCC[C@H]1NC(=O)[C@H](C)NC(=O)[C@@H](Cc2ccccc2)N(C)C(=O)[C@@H]2CCCN2C(=O)[C@H]([C@@H](C)CC)OC(=O)[C@H]1C,6.170616666666664,6.251009083994708,6.210812875330686,1,O=C1CNC(=O)C(Cc2ccccc2)NC(=O)C2CCCN2C(=O)COC(=O)CCN1
O=C(NCCCOc1c(Br)cc(CC[n+]2ccccc2)cc1Br)/C(Cc1ccccc1)=N/O,6.239090000000003,6.1792814682539685,6.209185734126986,1,N=C(Cc1ccccc1)C(=O)NCCCOc1ccc(CC[n+]2ccccc2)cc1
COC(=O)C[C@H]1[C@@H](C)C(=O)[C@H]2C[C@]3(CC[C@@]4(C)C(=CC(=O)O[C@@H]4c4ccoc4)C3=O)N[C@@H]2C1(C)C,6.250227777777781,6.168049530423279,6.20913865410053,0,O=C1C=C2C(=O)C3(CCC2C(c2ccoc2)O1)CC1C(=O)CCCC1N3
C=C1C[C@](OC)([C@H](O)C(=O)N[C@H]2OCO[C@H]3[C@@H]2O[C@H](C[C@H](O)COC)C(C)(C)[C@@H]3OC)O[C@H](C)[C@@H]1C,6.313683333333336,6.104412936507931,6.209048134920634,1,C=C1CCOC(CC(=O)NC2OCOC3CCCOC32)C1
COc1c(OC)c2c(c(CCN(C)C)c1SC)SC(CCNC(=N)N)(C1=NCCc3cc(O)c(O)cc31)S2,6.366157777777782,6.050714556277055,6.208436167027418,1,c1ccc2c(c1)CCN=C2C1Sc2ccccc2S1
CCCCCC1OC(=O)C(C(C)C)NC(=O)C(C)NC(=O)C(Cc2ccccc2)N(C)C(=O)C2CCCN2C(=O)C1(C)C,6.184241111111108,6.231856127645501,6.208048619378305,1,O=C1CNC(=O)C(Cc2ccccc2)NC(=O)C2CCCN2C(=O)CCOC(=O)CN1
CCCCC[C@H](O)CC(=O)O[C@H]1C=COC=C2C[C@@]3(SC)C(=O)N4c5c(O)cccc5C[C@@]4(SC)C(=O)N3[C@@H]21,6.248780000000007,6.164328489658484,6.206554244829245,1,O=C1C2CC3=COC=CCC3N2C(=O)C2Cc3ccccc3N12
CC(=O)N[C@H]1[C@H](O[C@@H]2CC3=CC(=O)CC[C@]3(C)C3CC[C@@]4(C)C(CC[C@@H]4[C@H](C)CCC[C@@H](C)COC(C)=O)[C@@H]32)O[C@H](CO)[C@@H](O)[C@@H]1O,6.400349999999999,6.011886051587299,6.206118025793649,1,O=C1C=C2CC(OC3CCCCO3)C3C4CCCC4CCC3C2CC1
CCC[C@H](O)CC[C@@H](C)[C@@H]1OC(=O)[C@H](C)NC(=O)[C@H]([C@@H](C)CCO)N(C)C(=O)C2(C)CN(O2)C(=O)[C@H](C)NC(=O)C1(C)C,6.226027777777778,6.184584563492059,6.205306170634919,1,O=C1CCOC(=O)CNC(=O)CNC(=O)C2CN(O2)C(=O)CN1
C#CCCC[C@@H](O)[C@@H](C)[C@@H]1C/C=C(/C)C(=O)O[C@H](CC(C)C)C(=O)N[C@@H](C)C(=O)N(C)[C@H](Cc2ccccc2)C(=O)N(C)CC(=O)N[C@@H]([C@H](C)CC)C(=O)N(C)[C@@H](C)C(=O)O1,6.320702222222226,6.08313662698412,6.201919424603173,1,O=C1CNC(=O)CNC(=O)C(Cc2ccccc2)NC(=O)CNC(=O)COC(=O)C=CCCOC(=O)CN1
CC(C)C[C@@H]1OC(=O)[C@H](C)NC(=O)[C@H](C(C)(C)O)OC(=O)[C@H](C)N(C)C(=O)[C@@H](C)NC(=O)[C@@H](Cc2ccccc2)N(C)C1=O,6.21817111111111,6.185494831349204,6.201832971230157,1,O=C1CNC(=O)C(Cc2ccccc2)NC(=O)COC(=O)CNC(=O)COC(=O)CN1
COC(=O)[C@@H](CSC[C@H](O)C(=O)OC)N1C(=O)C[C@@H](C)C1=O,6.327687777777781,6.073793382034626,6.200740579906204,0,O=C1CCC(=O)N1
COC[C@@H]([C@H](O)[C@H](O)C(=O)NCC[C@H](C)C(=O)O)N(C)C,6.07737111111111,6.31961118253968,6.198491146825395,0,
COc1cc(C/C=C\Cc2cc(O)c(Br)c(O)c2)c(O)cc1Br,6.337353888888888,6.057017360750361,6.197185624819625,0,C(=CCc1ccccc1)Cc1ccccc1
C=CC(C)(C)OC[C@@H]1NC(=O)[C@H]([C@@H](C)OC(C)(C)C=C)NC(=O)[C@@H]2CSC(=N2)[C@H](Cc2ccccc2)NC(=O)[C@@H]2CCCN2C(=O)[C@H](C)NC(=O)[C@H]([C@@H](C)CC)NC1=O,6.195311111111108,6.193516666666662,6.194413888888885,1,O=C1CNC(=O)CNC(=O)C2CSC(=N2)C(Cc2ccccc2)NC(=O)C2CCCN2C(=O)CNC(=O)CN1
C=CCCCC1OC(=O)[C@H](C(C)CC)N(C)C(=O)[C@@H]2CCCN2C(=O)[C@H](C(C)C)OC(=O)[C@H](Cc2ccccc2)N(C)C(=O)[C@H](C(C)C)NC(=O)C1C,6.272735555555554,6.114934490740738,6.1938350231481465,1,O=C1CCOC(=O)CNC(=O)C2CCCN2C(=O)COC(=O)C(Cc2ccccc2)NC(=O)CN1
CO/C(=C\c1ccc(O)cc1)C(=O)N/C=C/c1cc(Br)c(O)c(Br)c1,6.228403888888888,6.1584762344877335,6.19344006168831,0,O=C(C=Cc1ccccc1)NC=Cc1ccccc1
C=CC(C)(C)OC(C)C1NC(=O)C2CSC(=N2)C(CC(C)C)NC(=O)C(C(C)OC(C)(C)C=C)N2CCCC(NC(=O)C(C(C)C)NC1=O)C2=O,6.22187777777778,6.161455892857139,6.191666835317459,1,O=C1CNC(=O)C2CSC(=N2)CNC(=O)CN2CCCC(NC(=O)CN1)C2=O
O=C(O)/C(Cc1cc(Br)c(OCCC[n+]2ccccc2)c(Br)c1)=N/O,6.17695444444445,6.204941266233768,6.190947855339109,0,c1ccc(OCCC[n+]2ccccc2)cc1
CO[C@@H](C[C@@H](C)[C@@H](O)/C=C/C=C/CNC(=O)C(C)(C)[C@H](O)/C(C)=C/C=C/C=C/C(C)=C(\C)[N+](=O)[O-])[C@]1(O)[C@@H](C)C(=O)N(C)[C@@]12COC2=O,6.062366666666664,6.317717377645498,6.1900420221560815,1,O=C1CCC2(COC2=O)N1
COC1=C(Br)[C@H](O)[C@@]2(C=C1Br)CC(C(=O)NCCCCNC(=O)C1=NO[C@]3(C=C(Br)C(=O)[C@@H](Br)[C@@H]3O)C1)=NO2,6.343401111111111,6.036101951058197,6.189751531084654,1,O=C1C=CC2(CC1)CC(C(=O)NCCCCNC(=O)C1=NOC3(C=CC=CC3)C1)=NO2
CCC[C@H]1OC(=O)[C@@H]2CCCN2C(=O)[C@H]([C@H](C)Cc2ccccc2)NC(=O)[C@@H]2CCCN2C(=O)[C@@H]2CCCN2C(=O)[C@H](C(C)C)OC(=O)[C@@H]2CCCN2C(=O)[C@H](C(C)C)NC(=O)C1(C)C,6.358672222222221,6.019794890873013,6.189233556547617,1,O=C1CCOC(=O)C2CCCN2C(=O)C(CCc2ccccc2)NC(=O)C2CCCN2C(=O)C2CCCN2C(=O)COC(=O)C2CCCN2C(=O)CN1
Nc1nc(CCNC(=O)C(Cc2cc(Br)c(OCCC[n+]3ccccc3)c(Br)c2)=NO)c[nH]1,6.316613333333333,6.059147718253967,6.18788052579365,1,N=C(Cc1ccc(OCCC[n+]2ccccc2)cc1)C(=O)NCCc1c[nH]cn1
CCCCC[C@H](O)CC(=O)O[C@H]1C=COC=C2C[C@@]3(SC)C(=O)N4[C@H]5C(=COC=C[C@@H]5O)C[C@@]4(SC)C(=O)N3[C@@H]21,6.2056133333333365,6.169467934102929,6.1875406337181325,1,O=C1C2CC3=COC=CCC3N2C(=O)C2CC3=COC=CCC3N12
COC1=C(NCCS(=O)(=O)O)CC(O)(CO)C/C1=N\C(CO)C(=O)O,6.113602222222228,6.256909493145744,6.185255857683986,1,N=C1C=CCCC1
CC(C)C[C@@H]1NC(=O)CNC(=O)[C@@H]2CCCN2C(=O)[C@@H]2CCCN2C(=O)[C@H](Cc2c[nH]cn2)NC(=O)[C@@H]2CCCN2C(=O)[C@H](Cc2ccccc2)NC1=O,6.338613333333333,6.031833621031747,6.185223477182539,1,O=C1CNC(=O)C2CCCN2C(=O)C2CCCN2C(=O)C(Cc2c[nH]cn2)NC(=O)C2CCCN2C(=O)C(Cc2ccccc2)NC(=O)CN1
C=C1C[C@](OC)([C@H](O)C(=O)N[C@@H](OC)[C@@H]2C[C@@H](O)C(C)(C)[C@@H](C[C@@H](COC)OC)O2)O[C@H](C)[C@@H]1C,6.224183333333335,6.14067305555555,6.182428194444443,1,C=C1CCOC(CC(=O)NCC2CCCCO2)C1
COc1c(O)cc(CCN)c2c1SSc1c(CCN)cc(O)c(OC)c1SS2,6.165990000000003,6.196674677669554,6.181332338834778,0,c1ccc2c(c1)SSc1ccccc1SS2
COC(=O)[C@@]1(O)c2c(oc3cc(CO)cc(O)c3c2=O)CC[C@H]1O,6.104057777777782,6.257451244949498,6.18075451136364,0,O=c1c2c(oc3ccccc13)CCCC2
CC(C)C[C@@H]1NC(=O)[C@@H]2CCCN2C(=O)[C@@H](Cc2cnc[nH]2)NC(=O)CNC(=O)[C@@H]2CCCN2C(=O)[C@@H]2CCCN2C(=O)[C@H](Cc2ccccc2)NC1=O,6.328679999999999,6.031833621031747,6.180256810515873,1,O=C1CNC(=O)C2CCCN2C(=O)C2CCCN2C(=O)C(Cc2ccccc2)NC(=O)CNC(=O)C2CCCN2C(=O)C(Cc2cnc[nH]2)N1
CC1(C)CCC[C@]2(C)[C@H]3CC/C(=C\OS(=O)(=O)[O-])[C@H](CCc4ccoc4)[C@@]3(C)CC[C@@H]12.Cn1c(N)nc2c(c1=O)[n+](C)cn2C,6.307488888888892,6.050473994708995,6.178981441798944,1,C=C1CCC2C3CCCCC3CCC2C1CCc1ccoc1.O=c1[nH]cnc2[nH]c[nH+]c12
CC(C)C[C@@H]1NC(=O)[C@@H]2C[C@@]3([C@@]45C[C@H]6C(=O)N[C@@H](Cc7ccccc7)C(=O)N6[C@@H]4Nc4ccccc45)c4ccccc4N[C@H]3N2C1=O,6.258252222222223,6.099252761904762,6.178752492063492,1,O=C1NCC(=O)N2C1CC1(C34CC5C(=O)NC(Cc6ccccc6)C(=O)N5C3Nc3ccccc34)c3ccccc3NC21
C=C1CCC[C@@H]2[C@@](C)(CC[C@@]3(C)CCn4c(=O)n(C)c5ncnc(c54)N3OC)[C@H](C)CC[C@@]12C,6.192385555555553,6.164064265873018,6.1782249107142855,1,C=C1CCCC2C(CCC3CCn4c(=O)[nH]c5ncnc(c54)N3)CCCC12
CC(CCCCCCC[C@@H]1C[C@@H]2CC[C@@H]3C[C@H](C)N=C(N1)N32)OC(=O)[C@H]1[C@@H](C)NC2=[N+]3[C@@H](CC[C@@H]13)CC(=O)N2,6.087568888888885,6.268697222222221,6.178133055555553,1,O=C1CC2CCC3C(C(=O)OCCCCCCCCC4CC5CCC6CCN=C(N4)N65)CNC(=[N+]23)N1
COC(C)[C@H]1[C@@H]2[C@H](Cl)[C@H](O)C3C(C[C@H]4/C=C/C(=O)C5=C(O)[C@@H](NC5=O)[C@@H](O)CCNC(=O)/C=C\C[C@H]34)[C@H]2C[C@H]1C,6.193213333333333,6.162655238095237,6.177934285714285,1,O=C1C=CCC2C(C=CC(=O)C3=CC(CCCN1)NC3=O)CC1C3CCCC3CCC21
CCCCCCCCCCCCCCC(=O)O[C@H]1CC[C@H](NC(=O)[C@H](OC)[C@H](O)[C@@H](O)[C@H](O)/C=C/C(C)C)C(=O)N(C)C1,6.032605555555556,6.321400753968248,6.177003154761902,1,O=C1CCCCCN1
C/C1=C\[C@@H](C)C/C=C/[C@H]2[C@@H]3O[C@]3(C)[C@@H](C)[C@H]3C(Cc4c[nH]c5ccccc45)NC(=O)[C@]32C2=N[C@@H](CC2)C1=O,6.106029999999998,6.246589957010581,6.176309978505289,1,O=C1C=CCCC=CC2C3OC3CC3C(Cc4c[nH]c5ccccc45)NC(=O)C23C2=NC1CC2
CC(C)C[C@H]1NC(=O)[C@@H]2C[C@]3([C@]45C[C@H]6C(=O)N[C@H](CC(C)C)C(=O)N6[C@H]4Nc4ccccc45)c4ccccc4N[C@@H]3N2C1=O,6.252891111111112,6.099252761904762,6.176071936507937,1,O=C1NCC(=O)N2C1CC1(C34CC5C(=O)NCC(=O)N5C3Nc3ccccc34)c3ccccc3NC21
COc1c(Br)cc(C/C(=N\O)C(=O)NCCc2c[nH]c(N)n2)c(O)c1Br,6.308646666666662,6.0407715873015855,6.174709126984124,0,N=C(Cc1ccccc1)C(=O)NCCc1c[nH]cn1
N#CC(=O)NCCCOc1c(Br)cc(CCNC=C2C(=O)CCC2=O)cc1Br,6.287568888888885,6.061842330447332,6.174705609668109,1,O=C1CCC(=O)C1=CNCCc1ccccc1
COC(=O)C(Cc1c(SC)n(C)c[n+]1C)NC(=O)c1c[nH]c2cc(Br)ccc12,6.299955555555567,6.048982212301589,6.1744688839285775,0,O=C(NCCc1c[nH]c[nH+]1)c1c[nH]c2ccccc12
CCCCC/C=C\C/C=C\CCCCCCCC(=O)NCCC(=O)N[C@@H]1CNC(=O)N(C)C1=O,6.010805555555554,6.337381369047613,6.174093462301583,0,O=C1CCNC(=O)N1
CC(=O)N[C@H]1[C@H](O[C@H]2C[C@H]([C@H](C)CCC[C@@H](C)COC(C)=O)[C@@]3(C)CCC4[C@@H](CC[C@H]5C[C@H](O)CC[C@]45C)C23)O[C@H](CO)[C@@H](O)[C@@H]1O,6.2426444444444416,6.105362718253965,6.174003581349203,1,C1CCC(OC2CCC3CCC4C5CCCCC5CCC4C32)OC1
COc1cc(CCNC(=O)[C@@H]2CCCN2C)c(Br)c(Br)c1Br,6.324302222222221,6.022327073412697,6.17331464781746,0,O=C(NCCc1ccccc1)C1CCCN1
CC(C)=CCC[C@@](C)(O)[C@@H](O)CC/C(C)=C/COC[C@H]1O[C@@H](N2CCC(=O)NC2=O)[C@H](O)[C@@H]1O,6.101416666666666,6.244070416666664,6.172743541666665,0,O=C1CCN(C2CCCO2)C(=O)N1
C[S@@+]([O-])C[C@H]1O[C@@H](n2cnc3c(N)ncnc32)[C@H](OC(=O)c2c[nH]c3cc(Br)c(O)cc23)[C@@H]1O,6.137802222222219,6.207523075396822,6.172662648809521,1,O=C(OC1CCOC1n1cnc2cncnc21)c1c[nH]c2ccccc12
C[C@H](CCC(=O)NCCOS(=O)(=O)[O-])[C@H]1CCC2C3C([C@H](O)C[C@@]21C)[C@@]1(C)CC[C@@H](O)C[C@H]1C[C@H]3O.[Na+],6.157883333333325,6.182512494949493,6.17019791414141,1,C1CCC2C(C1)CCC1C3CCCC3CCC21
COC(=O)[C@H](CCC(=O)O)N1Cc2c(cc(O)c3c2O[C@]2(C3)[C@H](C)CC[C@H]3C(C)(C)[C@H](O)CC[C@@]32C)C1=O,6.1871888888888895,6.152682259499756,6.169935574194323,1,O=C1NCc2c1ccc1c2OC2(CCCC3CCCCC32)C1
CO/C(=C\c1ccc(O)cc1)C(=O)OC[C@H]1O[C@@H](n2cc(C)c(=O)[nH]c2=O)C[C@@H]1OC(=O)c1c[nH]c2cc(Br)c(O)cc12,6.244919444444437,6.094490769300142,6.169705106872289,1,O=C(C=Cc1ccccc1)OCC1OC(n2ccc(=O)[nH]c2=O)CC1OC(=O)c1c[nH]c2ccccc12
C/C(=C\C(=O)OCCCCCCCC(=O)Nc1c2sscc-2[nH]c1=O)CC1CC(O)C(O)(C/C=C/C(C)C(C)O)CO1,6.1081277777777805,6.2302652777777805,6.16919652777778,1,O=C(CCCCCCCOC(=O)C=CCC1CCCCO1)Nc1c2sscc-2[nH]c1=O
CC(=O)CCCCC(C)C1CC(O)C(C)C(=O)N[C@H](Cc2ccccc2)C(=O)N2CCC[C@H]2C(=O)O1,6.310094444444442,6.026966121031744,6.168530282738093,1,O=C1CCCCOC(=O)C2CCCN2C(=O)C(Cc2ccccc2)N1
CCC[C@H]1CCCC(=O)N[C@@H](CO)CCC[C@H](C)C(=O)N(C)[C@@H](Cc2ccccc2)C(=O)O1,6.108505555555552,6.227408892857143,6.167957224206347,0,O=C1CCCCOC(=O)C(Cc2ccccc2)NC(=O)CCCCCN1
COCc1cc(O)c(Cc2cc(O)c(Cc3cc(O)ccc3O)cc2O)cc1O,6.12527111111111,6.209920820346317,6.167595965728713,1,c1ccc(Cc2ccc(Cc3ccccc3)cc2)cc1
CC[C@H](C)/C=C(C)/C=C/C1=CC2=C(Cl)C(=O)[C@](C)(OC)C(=O)C2=CN1CCO,6.039797222222217,6.294874564093308,6.167335893157762,0,O=C1C=C2C=CNC=C2C(=O)C1
CN1C(=O)N=C(Nc2nc(Cc3ccc4c(c3)OCO4)c(Cc3ccc4c(c3)OCO4)n2C)C1=O,6.153385555555556,6.177022546296299,6.165204050925928,0,O=C1N=C(Nc2nc(Cc3ccc4c(c3)OCO4)c(Cc3ccc4c(c3)OCO4)[nH]2)C(=O)N1
O=C1C=CCCCCC[C@H]2O[C@]3(CCCCCC(C(O)CCCCCCCOC[C@H](CO)NS(=O)(=O)O)OC(=O)CN1)CCC[C@H]2O3,6.282466666666668,6.047614027777776,6.165040347222222,1,O=C1C=CCCCCCC2OC3(CCCCCCOC(=O)CN1)CCCC2O3
CO[C@]12C[C@@]3(O)[C@@H](SC)C=C[C@H](OC(C)=O)[C@H]3N1C(=O)[C@](CO)(SC)N(C)C2=O,6.245263333333337,6.082863505291004,6.164063419312171,0,O=C1NCC(=O)N2C1CC1CC=CCC12
CC(C)=CCC[C@@]1(C)O[C@@H]1CC/C(C)=C/COC[C@H]1O[C@@H](N2CCC(=O)NC2=O)[C@H](O)[C@@H]1O,6.081527777777778,6.244070416666664,6.162799097222221,0,O=C1CCN(C2CCC(COCC=CCCC3CO3)O2)C(=O)N1
Cn1c[n+](C)c(Cc2nc(C(=O)O)cc3c2[nH]c2ccc(O)cc23)c1[S+](C)[O-],6.31877444444445,6.005165466269842,6.161969955357145,0,c1ccc2c(c1)[nH]c1c(Cc3c[nH]c[nH+]3)nccc12
CN1C(=O)/C(=N/c2nc(Cc3ccc4c(c3)OCO4)c(Cc3ccc4c(c3)OCO4)n2C)N(C)C1=O,6.153935555555556,6.1667687962962985,6.160352175925928,0,O=C1NC(=O)C(=Nc2nc(Cc3ccc4c(c3)OCO4)c(Cc3ccc4c(c3)OCO4)[nH]2)N1
COC1=C(Br)C[C@]2(OC=C1Br)ON=C(C(=O)NCCCOc1c(Br)cc(C3CNC(=O)O3)cc1Br)[C@@H]2O,6.299617777777781,6.020820105820105,6.160218941798943,1,O=C1NCC(c2ccc(OCCCNC(=O)C3=NOC4(CC=CC=CO4)C3)cc2)O1
CC(C)C[C@H](NC(=O)[C@@H](O)[C@@H](O)[C@@H]1CC(=O)OC(C)(O)[C@H](C)N1)[C@@H]1Cc2cccc(O)c2C(=O)O1,6.110916666666669,6.208091319444444,6.159503993055557,1,O=C(CCC1CC(=O)OCCN1)NCC1Cc2ccccc2C(=O)O1
C=CC(C)(C)OC(C)[C@@H]1NC(=O)[C@H](C(C)CC)NC(=O)[C@@H]2CCCN2C(=O)[C@H](C(C)CC)NC(=O)[C@H](C(C)CC)NC(=O)[C@@H]2CCCN2C(=O)[C@H](C(C)CC)NC1=O,6.279696666666667,6.038715218253965,6.159205942460316,1,O=C1CNC(=O)CNC(=O)C2CCCN2C(=O)CNC(=O)CNC(=O)C2CCCN2C(=O)CN1
C=CC(C)(C)OC(C)[C@@H]1NC(=O)[C@H]2CSC(=N2)[C@H](CC(C)C)NC(=O)[C@H](C(C)OC(C)(C)C=C)NC(=O)[C@@H]2CCCN2C(=O)[C@H](C(C)C)NC1=O,6.22187777777778,6.096121626984123,6.158999702380951,1,O=C1CNC(=O)C2CSC(=N2)CNC(=O)CNC(=O)C2CCCN2C(=O)CN1
CC(C)C(=O)CO[C@]12C=CC=COC1=NC1=C(C(C)C)NC(=O)[C@H](Cc3ccccc3)N1C2=O,6.138822222222219,6.176088829365081,6.157455525793649,0,O=C1NC=C2N=C3OC=CC=CC3C(=O)N2C1Cc1ccccc1
CC(C)=CC[C@@]12CCN(C)[C@@H]1Nc1c(Br)cc3cc(C(C)(C)O)oc3c12,6.102368888888891,6.211484522907649,6.15692670589827,1,c1cc2ccc3c(c2o1)C1CCNC1N3
CC(C)C[C@@H]1NC(=O)[C@H](Cc2ccccc2)NC(=O)[C@H](Cc2ccccc2)N(C)C(=O)[C@H](Cc2ccccc2)NC(=O)C(C)(C)NC(=O)[C@H](CC(C)C)N(C)C(=O)[C@@H]2[C@@H](C)CCN2C1=O,6.239179999999999,6.073815287698412,6.156497643849205,1,O=C1CNC(=O)C2CCCN2C(=O)CNC(=O)C(Cc2ccccc2)NC(=O)C(Cc2ccccc2)NC(=O)C(Cc2ccccc2)NC(=O)CN1
C/C1=C\[C@@H](C(C)(C)C)OC(=O)[C@H](CC(C)C)N(C)C(=O)[C@H](C)N(C)C(=O)CNC(=O)[C@H](C(C)C)NC(=O)[C@@H]2CCCN2C(=O)[C@H](C)CC1,6.2383633333333375,6.074396455026452,6.156379894179895,1,O=C1CNC(=O)CNC(=O)C2CCCN2C(=O)CCCC=CCOC(=O)CNC(=O)CN1
CC(=O)N[C@@H]1[C@H](O[C@H]2C[C@H]([C@H](C)CCC[C@@H](C)COC(C)=O)[C@@]3(C)CCC4[C@@H](C=C[C@H]5C[C@@H](O)CC[C@]45C)C23)O[C@@H](CO)[C@H](O)[C@H]1O,6.231011111111108,6.079946666666663,6.155478888888885,1,C1=CC2C(CCC3CCC(OC4CCCCO4)C32)C2CCCCC12
OCc1cc(OCc2cc(O)ccc2O)cc(Cl)c1O,6.086872222222224,6.2231556186868735,6.155013920454548,0,c1ccc(COc2ccccc2)cc1
C#CCCC[C@H]1OC(=O)CNC(=O)[C@@H](Cc2ccccc2)N(C)C(=O)[C@@H]2CCCN2C(=O)[C@H]([C@@H](C)CC)N(C)C(=O)[C@H](C)NC(=O)[C@H](C)OC(=O)C1(C)C,6.2407411111111095,6.068364540343914,6.154552825727512,1,O=C1CNC(=O)COC(=O)CCOC(=O)CNC(=O)C(Cc2ccccc2)NC(=O)C2CCCN2C(=O)CN1
C=C1[C@@H](C)[C@H]2[C@H](Cc3ccccc3)NC(=O)[C@@]2(C(=O)OC)[C@@H](/C=C/C[C@H](C)C(=O)C(C)(O)CC=O)[C@@H]1O,6.254205555555559,6.0540989132395335,6.1541522343975466,1,C=C1CCC2C(=O)NC(Cc3ccccc3)C2C1
CC(C)C[C@@H]1OC(=O)[C@H](C)NC(=O)[C@H](Cc2ccccc2)N(C)C(=O)[C@@H]2CCCN2C(=O)[C@H](Cc2ccccc2)NC(=O)[C@@H]2CCCN2C1=O,6.210659999999997,6.0963360482804205,6.153498024140209,1,O=C1CNC(=O)C(Cc2ccccc2)NC(=O)C2CCCN2C(=O)C(Cc2ccccc2)NC(=O)C2CCCN2C(=O)CO1
COc1cccc(C(=O)c2cc(O)cc(C)c2O)c1O,6.132974444444441,6.173461690115439,6.153218067279941,0,O=C(c1ccccc1)c1ccccc1
CC1=CC(=O)[C@@H]2[C@@H](C1)[C@]1(C)C=C3N(C[C@@H]4C[C@H](C)C(=O)O4)C(=O)CC[C@@]3(C)[C@]3(COC(=O)C3)[C@H]1C(=O)[C@@H]2C,6.216477777777782,6.08942520923521,6.152951493506496,1,O=C1CC2(CO1)C1CCC(=O)N(CC3CCC(=O)O3)C1=CC1C3CC=CC(=O)C3CC(=O)C12
CC[C@H](C)[C@H]1NC(=O)[C@@H]2CCCN2C(=O)[C@H](Cc2ccccc2)NC(=O)c2csc(n2)[C@@H]2CCCN2C(=O)[C@H](Cc2ccccc2)NC(=O)[C@H]2N=C1O[C@@H]2C,6.237835555555555,6.066864295634918,6.152349925595237,1,O=C1NC(Cc2ccccc2)C(=O)N2CCCC2C(=O)NCC2=NC(CO2)C(=O)NC(Cc2ccccc2)C(=O)N2CCCC2c2nc1cs2
CC(C)(C)CC(C)(C)c1ccc(OCCOCC[N+](C)(C)Cc2ccccc2)c(Cl)c1,6.195928888888895,6.10747289357864,6.151700891233768,1,c1ccc(C[NH2+]CCOCCOc2ccccc2)cc1
CCCCCCCC(C)CC(C/C=C/CCC(=O)NC(COC)C(O)[C@H]1C(=O)C(C)(C)[C@@H](O)[C@@H](C)[C@H]1O)OC,6.049861111111115,6.252198055555551,6.151029583333333,1,O=C1CCCCC1
C=CC(C)(C)[C@]1(C[C@@H]2NC(=O)[C@]3(OCC)CCCN3C2=O)C(=O)Nc2c1ccc1c2C=CC(C)(C)O1,6.170350000000001,6.131367003968254,6.150858501984128,0,O=C1Nc2c(ccc3c2C=CCO3)C1CC1NC(=O)C2CCCN2C1=O
CC(C)C[C@@H]1OC(=O)[C@@H]2CCCN2C(=O)[C@H](Cc2ccccc2)NC(=O)[C@H](Cc2ccccc2)NC(=O)[C@H](CC(C)C)N(C)C(=O)[C@@H]2CCCN2C1=O,6.204113333333331,6.0963360482804205,6.150224690806876,1,O=C1CNC(=O)C2CCCN2C(=O)COC(=O)C2CCCN2C(=O)C(Cc2ccccc2)NC(=O)C(Cc2ccccc2)N1
CN1c2ccccc2[C@@]23C[C@H]4C(=O)N5[C@H]6N(C[C@@]7(C)O[C@@H]7C2)c2ccccc2[C@@]6(C)C[C@H]5C(=O)N4[C@H]13,6.156699444444442,6.140838045334299,6.14876874488937,0,O=C1C2CC34CC5OC5CN5c6ccccc6C6CC(C(=O)N2C3Nc2ccccc24)N1C65
COC(=O)NCCc1cc(Br)c(OC[C@@H]2CNC(=O)O2)c(Br)c1,6.167539999999999,6.128934797378548,6.1482373986892735,0,O=C1NCC(COc2ccccc2)O1
COc1cc2c(c(O)c1COCc1c(OC)cc3c(c1O)C(=O)OCC3)C(=O)OCC2,6.214826666666668,6.081513239898991,6.14816995328283,0,O=C1OCCc2ccc(COCc3ccc4c(c3)C(=O)OCC4)cc21
CCCCCC[C@@H](C)/C=C(C)/C=C/C(=O)N[C@H]1C[C@]2(O)C=C(Cl)C(=O)[C@](Cl)([C@@H]1O)[C@H]2OC,6.11444888888889,6.180367579365075,6.147408234126983,0,O=C1C=CC2CCCC1C2
COc1c(O)cc2c(c1O)C(=O)C[C@H](O)[C@H]2O,6.213596666666663,6.080732630591632,6.147164648629147,0,O=C1CCCc2ccccc21
CCC(C)[C@@H]1NC(=O)[C@@H]2CCCN2C(=O)[C@H](CC(C)C)NC(=O)[C@H](Cc2c[nH]c3ccccc23)NC(=O)[C@@H]2CCCN2C(=O)[C@H](Cc2ccccc2)NC(=O)[C@@H]2CCCN2C1=O,6.194422222222224,6.099463720238097,6.14694297123016,1,O=C1NCC(=O)N2CCCC2C(=O)NCC(=O)N2CCCC2C(=O)NC(Cc2ccccc2)C(=O)N2CCCC2C(=O)NC1Cc1c[nH]c2ccccc12
CCCCCC[C@@H](C)/C=C(C)/C=C/C(=O)N[C@H]1C[C@@]2(O)C=C(Cl)C(=O)[C@@H](Cl)[C@H]2O[C@@H]1OC,6.150523333333338,6.141210308441555,6.145866820887447,0,O=C1C=CC2CCCOC2C1
C/C1=C\[C@H](C)C[C@H](C)OC(=O)C[C@H](c2ccc(O)cc2)NC(=O)[C@@H](c2c(O)[nH]c3ccccc3c2=O)N(C)C(=O)[C@H](C)NC(=O)[C@@H](C)C1,6.056648888888893,6.234533988095236,6.1455914384920645,1,O=C1CCC=CCCCOC(=O)CC(c2ccccc2)NC(=O)C(c2c[nH]c3ccccc3c2=O)NC(=O)CN1
COc1c(-c2ccc(O)cc2)cc(O)c(-c2ccc(O)c(O)c2)c1O,6.202459999999997,6.088655705988457,6.1455578529942265,0,c1ccc(-c2ccc(-c3ccccc3)cc2)cc1
COc1cc(O)c2c(c1O)C(=O)c1cc(C)c(O)cc1C2=O,6.232568888888893,6.057807880591631,6.145188384740262,0,O=C1c2ccccc2C(=O)c2ccccc21
CC(C)C[C@H](NC(=O)[C@@H](O)[C@H]1O[C@](C)(O)[C@H](C)N[C@H]1CC(=O)O)[C@@H]1Cc2cccc(O)c2C(=O)O1,6.079652222222222,6.208091319444444,6.143871770833333,1,O=C(CC1CNCCO1)NCC1Cc2ccccc2C(=O)O1
C/C(=C\C(=O)OCCCCCCCC(=O)Nc1c2sscc-2[nH]c1=O)C[C@@H]1OC[C@H](C/C=C/[C@@H](C)[C@H](C)O)C(=O)[C@H]1O,6.057372222222225,6.2302652777777805,6.143818750000003,1,O=C1CCOC(CC=CC(=O)OCCCCCCCC(=O)Nc2c3sscc-3[nH]c2=O)C1
C[C@@H]1C[C@]23C[C@H]4C(C)(C)[C@@]5(C[C@@]4(CN2C1=O)N(C)C3=O)C(=O)Nc1c5ccc2c1C(=O)CC(C)(C)O2,6.014680000000007,6.272651762566139,6.143665881283074,0,O=C1CCOc2ccc3c(c21)NC(=O)C31CC2CC34CCC(=O)N3CC2(C1)NC4=O
CCC[C@H](O)C[C@@H]1CC[C@H](C)CCCCC(=O)N(C)[C@@H](Cc2ccc(OCC(O)C(C)(C)O)cc2)C(=O)O1,6.111555555555556,6.1744564235209225,6.143005989538239,1,O=C1CCCCCCCCOC(=O)C(Cc2ccccc2)N1
C[C@H]1CN2C[C@]34Cc5c([nH]c6c7c(ccc56)OC(C)(C)CC7=O)C(C)(C)[C@@H]3C[C@@]2(C1)C(=O)N4,6.017877777777783,6.263054196428572,6.140465987103177,0,O=C1CCOc2ccc3c4c([nH]c3c21)CC1CC23CCCN2CC1(C4)NC3=O
C/C1=C\[C@H](C)C[C@H](C)OC(=O)C[C@H](c2ccc(O)cc2)NC(=O)[C@@H](CC(=O)c2ccccc2N)N(C)C(=O)[C@H](C)NC(=O)[C@@H](C)C1,6.199630000000004,6.080998888888883,6.140314444444443,1,O=C1CCC=CCCCOC(=O)CC(c2ccccc2)NC(=O)C(CC(=O)c2ccccc2)NC(=O)CN1
CC[C@H]1[C@@H]2C=C[C@@H]3[C@H]4C/C=C\C(=O)NCCC[C@H]5C(O)=C(C(=O)/C=C/[C@@H]4C[C@@H]3[C@H]2C[C@H]1C)C(=O)N5C,6.0475466666666655,6.230866051587298,6.139206359126982,0,O=C1C=CCC2C(C=CC(=O)C3=CC(CCCN1)NC3=O)CC1C2C=CC2CCCC21
CNC[C@@H]1CC[C@@H](N)[C@@H](O[C@H]2[C@H](O)[C@H](N(C)C(=O)CN)[C@@H](OC)C[C@@H]2N)O1,6.099285555555554,6.17908912698412,6.139187341269837,0,C1CCC(OC2CCCCO2)CC1
CCCCCC[C@@H](C)/C=C(C)/C=C/C(=O)N[C@H]1C[C@]2(O)[C@@H](OC)[C@H](Cl)C(=O)[C@H](Cl)[C@@H]2O[C@H]1OC,6.137078888888891,6.141210308441555,6.139144598665223,1,O=C1CCC2CCCOC2C1
CCCCCCC[C@@H](C/C=C/CCC(=O)NC/C(=C/Cl)[C@]12O[C@H]1[C@H](OC(C)=O)CCC2=O)OC,6.242113333333335,6.033863869047614,6.137988601190474,0,O=C1CCCC2OC12
COc1ccc2c3c4n(c2c1)[C@@H](C=C(C)C)OOC(C)(C)[C@@H](O)[C@@H]4N1C(=O)[C@@H]2CCCN2C(=O)[C@]1(O)[C@H]3OCC=C(C)C,6.1646888888888896,6.110294433020685,6.137491660954787,1,O=C1C2Cc3c4n(c5ccccc35)COOCCC4N2C(=O)C2CCCN12
CCC(C)[C@@H]1NC(=O)[C@H](CC(N)=O)NC(=O)[C@H](CC(C)C)NC(=O)[C@H](CC(N)=O)NC1=O,6.10551333333334,6.167555291666663,6.136534312500001,1,O=C1CNC(=O)CNC(=O)CNC(=O)CN1
CCOC(C)NC(=O)C[C@]1(O)C=C(Br)[C@@](OC)(OCC)C(Br)=C1,6.138493333333333,6.1330979761904745,6.135795654761903,0,C1=CCC=CC1
COC(=O)[C@@H](C)O[C@@H]1[C@@H](NC(C)=O)[C@@H]2OCC(O2)[C@H]1OC(=O)CCCCCCCCCCCC(C)C,6.213372222222225,6.057851559644059,6.135611890933142,1,C1CC2COC(C1)O2
CCC(=O)C1=C2C3=CN(CCOCCO)C(/C=C/[C@@H](C)CC)=CC3=C(Cl)C(=O)[C@@]2(C)OC1=O,6.14938333333333,6.120818095238092,6.135100714285711,0,O=C1C=C2C3=CNC=CC3=CC(=O)C2O1
COC(=O)[C@@H](C)CC(=O)NC(=O)c1cn([C@@H](Cc2ccccc2)c2cc(OC)cc(=O)o2)c(Cc2ccccc2)cc1=O,6.053277777777778,6.216156007395381,6.13471689258658,1,O=c1ccn(C(Cc2ccccc2)c2cccc(=O)o2)c(Cc2ccccc2)c1
CN1C(=O)[C@@H]2CCC[N@+]2(C)[C@H]1Cc1c(Br)n(C)c2c(Br)c(Br)ccc12,6.051654523809523,6.215860059523808,6.133757291666665,1,O=C1NC(Cc2c[nH]c3ccccc23)[NH+]2CCCC12
C/C=C(\C)[C@H](O[C@@H]1O[C@H](CO)[C@@H](O)[C@H](O)[C@H]1O)[C@H](C)/C=C(C)/C=C/C/C(C)=C/Cc1nc(OC)cc(O)c1C,6.084544444444447,6.181827086940833,6.13318576569264,1,C(C=CCCOC1CCCCO1)=CCC=CCc1ccccn1
CC(=O)N[C@H]1[C@H](OC[C@]23CCC(=O)C=C2CC[C@@H]2[C@@H]3CC[C@]3(C)[C@@H]([C@H](C)CCCC(C)C)CC[C@@H]23)O[C@H](CO)[C@@H](O)[C@@H]1O,6.252077777777776,6.011886051587299,6.131981914682537,1,O=C1C=C2CCC3C4CCCC4CCC3C2(COC2CCCCO2)CC1
CC(=O)[C@]12S[C@@]3(C[C@]4(n5cc(C[C@@]67NCCN[C@@](Cl)(C(=O)N6C)N(C)C7=O)c6ccccc65)c5ccccc5N[C@@H]4N3C1=O)C(=O)N2C,6.174382777777782,6.0891051587301614,6.131743968253971,1,O=C1NC2(Cc3cn(C45CC67SC(NC6=O)C(=O)N7C4Nc4ccccc45)c4ccccc34)NCCNC1NC2=O
CC[C@H](C)[C@@H]1NC(=O)[C@@H]2CCCN2C(=O)[C@@H]2CCCN2C(=O)[C@@H]2CCCN2C(=O)[C@H](Cc2ccccc2)NC(=O)[C@@H]2CCCN2C(=O)[C@H](Cc2ccc(O)cc2)NC1=O,6.253999999999998,6.008768902777779,6.131384451388888,1,O=C1CNC(=O)C2CCCN2C(=O)C2CCCN2C(=O)C2CCCN2C(=O)C(Cc2ccccc2)NC(=O)C2CCCN2C(=O)C(Cc2ccccc2)N1
CC[C@H](C)[C@@H]1NC(=O)[C@@H]2CCCN2C(=O)[C@H](Cc2ccccc2)NC(=O)[C@@H]2CCCN2C(=O)[C@@H]2CCCN2C(=O)[C@H](Cc2ccc(O)cc2)NC(=O)[C@@H]2CCCN2C1=O,6.253999999999998,6.008768902777779,6.131384451388888,1,O=C1NC(Cc2ccccc2)C(=O)N2CCCC2C(=O)N2CCCC2C(=O)NC(Cc2ccccc2)C(=O)N2CCCC2C(=O)NCC(=O)N2CCCC12
CC(C)C[C@@H]1NC(=O)[C@H](Cc2ccccc2)NC(=O)[C@H](CC(C)C)N(C)C(=O)[C@H](C(C)C)NC(=O)[C@H](CC(C)C)OC1=O,6.164163333333332,6.098532871031742,6.131348102182537,1,O=C1CNC(=O)COC(=O)CNC(=O)C(Cc2ccccc2)NC(=O)CN1
C[N+](C)(C)CC(c1c(O)c(O)c2nccc3c2c1C=CN3)c1c[nH]c2cc(Br)ccc12,6.013795555555561,6.2472156150793685,6.130505585317465,1,C1=Cc2c(Cc3c[nH]c4ccccc34)ccc3nccc(c23)N1
CC(C)C[C@@H]1NC(=O)[C@@H]2CCCN2C(=O)[C@@H]2CCCN2C(=O)[C@@H](NC(=O)[C@@H]2CCC(=O)N2)CSSC[C@@H](C(=O)N2CCC[C@H]2C(N)=O)NC1=O,6.211463333333331,6.0489742031024525,6.130218768217892,1,O=C1CCC(C(=O)NC2CSSCC(C(=O)N3CCCC3)NC(=O)CNC(=O)C3CCCN3C(=O)C3CCCN3C2=O)N1
COC1=C(CO)O[C@@H]2C[C@@]1(OC)n1c3ccccc3c3c4c(c5c6ccccc6n2c5c31)C(=O)NC4,6.136875000000005,6.121878015873015,6.1293765079365095,0,O=C1NCc2c1c1c3ccccc3n3c1c1c2c2ccccc2n1C1C=COC3C1
CSc1c(CCNC(=O)c2cc(Br)c(O)c(Br)c2)[n+](C)cn1C,6.2545188888888905,6.002642152777779,6.128580520833335,0,O=C(NCCc1c[nH]c[nH+]1)c1ccccc1
COc1c(O)c2c(c(O)c1CO)C(=O)OCC2,6.128067777777782,6.128565094155847,6.128316435966815,0,O=C1OCCc2ccccc21
C/C(=C\Cn1cnc2c1c(=O)nc(C)n2C)CC[C@@]1(C)[C@H](C)CC[C@]2(O)[C@@H]1CCCC2(C)C,6.062385555555551,6.193318214285713,6.1278518849206325,1,O=c1nc[nH]c2ncn(CC=CCCC3CCCC4CCCCC34)c12
Cn1cc(Br)cc1C(=O)OCC[n+]1cccc(C(=O)[O-])c1,6.127322222222221,6.127148306277056,6.127235264249639,0,O=C(OCC[n+]1ccccc1)c1ccc[nH]1
CC1=CC(=O)[C@@H]2[C@@H](C1)[C@]13CO[C@@]4(C1=O)N1C[C@@H]5O[C@@]1(CC[C@@]4(C)[C@]1(COC(=O)C1)[C@H]3C(=O)[C@@H]2C)C[C@@H](C)[C@H]5O,6.1704944444444445,6.0823147420634935,6.1264045932539695,1,O=C1CC2(CO1)C1C(=O)CC3C(=O)C=CCC3C13COC1(C3=O)C2CCC23CCCC(CN21)O3
COc1ccc(CCC(=O)C[C@@H]2CCC[C@H](CC(=O)CCc3ccc(O)cc3)N2)cc1,6.163408333333334,6.089223978174602,6.126316155753968,0,O=C(CCc1ccccc1)CC1CCCC(CC(=O)CCc2ccccc2)N1
COc1c(Br)cc(/C=C/C(=O)NCCc2c[nH]c(N)n2)cc1Br.O=C(O)C(F)(F)F,6.1376166666666645,6.114383855820105,6.126000261243385,1,O=C(C=Cc1ccccc1)NCCc1c[nH]cn1
CC(C)C[C@@H]1NC(=O)[C@@H](NC(=O)/C=C\c2ccc(O)cc2)[C@@H](C)OC(=O)[C@@H](C)CNC(=O)[C@@H](C)NC1=O,6.163677777777775,6.088280269841267,6.125979023809521,1,O=C(C=Cc1ccccc1)NC1COC(=O)CCNC(=O)CNC(=O)CNC1=O
CCO[C@H]1c2cc3c(nc2[C@@]2(C)OC(=O)C[C@H]2C1(C)C)CC[C@]1(C)C3=CC(=O)O[C@H]1c1ccoc1,6.1786333333333365,6.071360348124101,6.124996840728719,1,O=C1C=C2c3cc4c(nc3CCC2C(c2ccoc2)O1)C1OC(=O)CC1CC4
CC[C@H](C)[C@@H]1NC(=O)[C@@H]2CCCN2C(=O)[C@H](Cc2ccc(O)cc2)NC(=O)[C@@H]2CCCN2C(=O)[C@H](CC(C)C)NC(=O)[C@@H]2CCCN2C(=O)[C@H](Cc2ccccc2)NC1=O,6.239333333333333,6.008768902777779,6.124051118055556,1,O=C1CNC(=O)C2CCCN2C(=O)C(Cc2ccccc2)NC(=O)C2CCCN2C(=O)CNC(=O)C2CCCN2C(=O)C(Cc2ccccc2)N1
CC[C@H](C)[C@@H]1NC(=O)[C@H](Cc2ccccc2)NC(=O)[C@@H]2CCCN2C(=O)[C@H](CC(C)C)NC(=O)[C@@H]2CCCN2C(=O)[C@H](Cc2ccc(O)cc2)NC(=O)[C@@H]2CCCN2C1=O,6.239333333333333,6.008768902777779,6.124051118055556,1,O=C1NCC(=O)N2CCCC2C(=O)NC(Cc2ccccc2)C(=O)N2CCCC2C(=O)NCC(=O)N2CCCC2C(=O)NC1Cc1ccccc1
COCc1c(O)cc(C)c2c1Oc1c(C)cc(O)c(C)c1OC2=O,6.173170000000001,6.074207555555553,6.123688777777777,0,O=C1Oc2ccccc2Oc2ccccc21
CO[C@@H](CC[C@H](C)C1O[C@@]23C[C@H](OC(=O)C[C@H](CO)OC(=O)C[C@](O)(O2)[C@H](C)CC3(C)C)[C@@H]1C)c1cc(O)ccc1Br,6.208905555555555,6.037045685425685,6.12297562049062,1,O=C1CC2CCCC3(CC(CC(CCCCc4ccccc4)O3)OC(=O)CCO1)O2
CC(C)[C@@H]1C[C@H](O)[C@H](C)C[C@H](C)C[C@H](C)C(=O)NCC(=O)N(C)[C@H](Cc2ccc(O)c(I)c2)C(=O)O1,6.182795555555558,6.062020378246752,6.122407966901155,1,O=C1CCCCCCCCOC(=O)C(Cc2ccccc2)NC(=O)CN1
CN(C)CCc1cn(C(c2ccc(O)c(O)c2)C2Oc3ccc(/C=C/OS(=O)(=O)[O-])cc3O2)cn1.[Na+],6.073488888888886,6.170854698172198,6.122171793530542,1,c1ccc(C(C2Oc3ccccc3O2)n2ccnc2)cc1
CC(=O)N[C@H](Cc1ccc(OC(=O)c2c[nH]c3cc(Br)c(O)cc23)cc1)C(=O)O,6.072461111111108,6.170423829365083,6.121442470238096,0,O=C(Oc1ccccc1)c1c[nH]c2ccccc12
COc1cccc2c1c(CC(N)=O)cn2[C@H]1O[C@H](C(N)=O)C[C@H](O)[C@@H]1O,6.134316666666668,6.106658478835979,6.120487572751324,0,c1ccc2c(c1)ccn2C1CCCCO1
C[C@H]1CC=C[C@H]2[C@@H]3O[C@]3(C)[C@@H](C)[C@H]3[C@H](Cc4ccccc4)NC(=O)[C@]32OC(=O)C=C[C@@](C)(O)C1=O,6.197471111111113,6.0432550760582,6.120363093584657,0,O=C1CC=CC(=O)OC23C(=O)NC(Cc4ccccc4)C2CC2OC2C3C=CCC1
CC[C@@H]1CCC[C@H](C)CC[C@@H](O[C@@H]2O[C@@H](C)[C@@H](O)[C@H](NC(C)=O)[C@H]2O)[C@H](CC)CCCNC1=O,6.064105555555556,6.175862896825392,6.119984226190474,0,O=C1CCCCCCCC(OC2CCCCO2)CCCCN1
C[N+](C)([O-])CCc1c2c(c3nccc4c3c1Nc1ccccc1-4)NC(=O)CS2,6.022352777777782,6.217074176587298,6.11971347718254,0,O=C1CSc2cc3c4c(ccnc4c2N1)-c1ccccc1N3
[C-]#[N+][C@]12CCC(=C)[C@H]3[C@H](CC(C)(C)NC(=O)CN4C[C@H](OC)C4=O)C[C@H](C)[C@@H](CC[C@@H]1C)[C@@H]32,6.0442777777777765,6.194849316378063,6.11956354707792,0,C=C1CCC2CCCC3CCC(CCNC(=O)CN4CCC4=O)C1C23
CC(C)C[C@H](NC(=O)C[C@@H](O)[C@@H](O)[C@H]1CCC(=O)N1)[C@@H]1Cc2cccc(O)c2C(=O)O1,6.045327777777777,6.192626954365078,6.118977366071428,0,O=C(CCCC1CCC(=O)N1)NCC1Cc2ccccc2C(=O)O1
C[C@H]1C[C@@H]2CN3[C@](CC[C@@]4(C)C5(C)CC(=O)O[C@@]34C[C@@]34C[C@@H]6C(=O)[C@H]([C@H]3C[C@H]6CO)[C@@H](C)C(=O)[C@H]54)(C1)O2,6.02468333333333,6.212216856060604,6.118450094696968,1,O=C1CC2C3C(=O)CC4C(=O)C5CCC4C3(C5)CC3(O1)C2CCC12CCCC(CN13)O2
NC1=NC(=N\CCOS(=O)(=O)O)/C(=C/CCNC(=O)c2cc(Br)c(Br)[nH]2)N1,6.168324444444445,6.067563522727276,6.11794398358586,1,N=C1N=CNC1=CCCNC(=O)c1ccc[nH]1
C=CC(C)(C)[C@]12Nc3ccccc3[C@@]1(OC(C)=O)C[C@H]1C(=O)O[C@@H](Cc3ccccc3)C(=O)N12,6.190475,6.044140840007218,6.11730792000361,0,O=C1OC(Cc2ccccc2)C(=O)N2C1CC1c3ccccc3NC12
C[S@@+]([O-])C[C@H]1O[C@@H](n2cnc3c(N)ncnc32)[C@H](O)[C@@H]1OC(=O)c1c[nH]c2cc(Br)c(O)cc12,6.137802222222219,6.096480876322748,6.117141549272484,1,O=C(OC1COC(n2cnc3cncnc32)C1)c1c[nH]c2ccccc12
CC[C@@H](C)[C@@H]1NC(=O)[C@@H]2CCCN2C(=O)[C@H](Cc2ccccc2)NC(=O)[C@H](C)NC(=O)c2csc(n2)[C@H]([C@H](C)CC)NC(=O)[C@@H]2CCCN2C1=O,6.209141111111109,6.024663224206352,6.11690216765873,1,O=C1CNC(=O)c2csc(n2)CNC(=O)C2CCCN2C(=O)CNC(=O)C2CCCN2C(=O)C(Cc2ccccc2)N1
CO[C@@H]1C2=C(C(=O)C3=C(C2=O)S(=O)(=O)CCN3)C(C)(C)[C@@H]2CC[C@@](C)(OC)[C@@H]12,6.2281555555555554,6.004261587301587,6.116208571428571,0,O=C1C2=C(CC3CCCC3C2)C(=O)C2=C1NCCS2(=O)=O
CCCCCC[C@@H](C)/C=C(C)/C=C/C(=O)N[C@H]1C[C@]2(C=C(Cl)C(=O)[C@H](Cl)[C@H]2O)O[C@H]1OC,6.150523333333338,6.08181387566137,6.116168604497354,0,O=C1C=CC2(CCCO2)CC1
CC[C@H](C)[C@@H]1NC(=O)[C@H](C(C)C)NC(=O)[C@@H]2CCCN2C(=O)[C@H](Cc2ccc(O)cc2)NC(=O)[C@H](Cc2ccc(O)cc2)N(C)C1=O,6.141657777777777,6.089546140873016,6.115601959325396,1,O=C1CNC(=O)C2CCCN2C(=O)C(Cc2ccccc2)NC(=O)C(Cc2ccccc2)NC(=O)CN1
C[C@@H](CC(=O)N(C)[C@H](C[C@H](C)C(Cl)Cl)C(=O)NCc1nccs1)C(Cl)Cl,6.147093333333332,6.08337848611111,6.115235909722221,0,c1cscn1
CO[C@]1(C)c2nc3ccccc3c(=O)n2[C@H](C[C@@]2(O)c3ccccc3N3C(=O)C4(CC4)N(C(C)=O)[C@@H]32)C(=O)N1C,6.175538888888895,6.052661144179897,6.114100016534396,1,O=C1NCc2nc3ccccc3c(=O)n2C1CC1c2ccccc2N2C(=O)C3(CC3)NC12
COC1=C(Br)[C@H](O)[C@@]2(C=C1Br)CC(C(=O)NCCCC1NC(N)=NC1=O)=NO2,6.198551111111112,6.02963157407407,6.114091342592591,1,O=C(NCCCC1NC=NC1=O)C1=NOC2(C=CC=CC2)C1
CCCCCCC[C@@H](C/C=C/CCC(=O)N(C)C/C(=C\Cl)C/C(=C\C(=O)N1C[C@H](O)CC1=O)OC)OC,6.187016666666668,6.040437669552668,6.113727168109667,1,O=C1CCCN1
C=C1[C@@H](C)[C@H]2[C@H](Cc3c[nH]c4ccccc34)NC(=O)[C@]23c2ccc([nH]2)C(=O)/C(C)=C/[C@@H](C)C/C=C/[C@H]3[C@@H]1O,6.016617777777778,6.210237060185182,6.11342741898148,1,C=C1CC2C=CCCC=CC(=O)c3ccc([nH]3)C23C(=O)NC(Cc2c[nH]c4ccccc24)C3C1
C/C=C(/C)C(=O)OCc1nccc2c1C(=O)C(NCCS(=O)(=O)O)=C(C)C2=O,6.036472222222222,6.189272870370375,6.112872546296298,0,O=C1C=CC(=O)c2cnccc21
CC(=O)C[C@@]1(O)C(=O)N2C(C)(C)[C@@H]3Cc4cccc5c4[C@@]4(O[C@@]1(O)[C@@]2(O)[C@H]34)C(=O)N5C,6.098524444444445,6.123505092592592,6.111014768518519,0,O=C1CC2OC34C(=O)Nc5cccc(c53)CC3CN1C2C34
CCOC(=O)CCCNc1cnc2c3c(ccnc13)C=C(OC)C2=O,6.069177777777776,6.151366607142858,6.110272192460317,0,O=C1C=Cc2ccnc3ccnc1c23
CC[C@H](C)[C@@H]1NC(=O)[C@@H]2CCCN2C(=O)[C@H](Cc2ccccc2)NC(=O)[C@@H]2CCCN2C(=O)[C@H](Cc2ccc(O)cc2)NC(=O)[C@@H]2CCCN2C(=O)[C@H]([C@@H](C)CC)NC1=O,6.211185555555556,6.008768902777779,6.109977229166667,1,O=C1CNC(=O)C2CCCN2C(=O)C(Cc2ccccc2)NC(=O)C2CCCN2C(=O)C(Cc2ccccc2)NC(=O)C2CCCN2C(=O)CN1
CC[C@H](C)[C@@H]1NC(=O)[C@@H]2CCCN2C(=O)[C@H]([C@@H](C)CC)NC(=O)[C@@H]2CCCN2C(=O)[C@H](Cc2ccc(O)cc2)NC(=O)[C@@H]2CCCN2C(=O)[C@H](Cc2ccccc2)NC1=O,6.211185555555556,6.008768902777779,6.109977229166667,1,O=C1CNC(=O)C2CCCN2C(=O)CNC(=O)C2CCCN2C(=O)C(Cc2ccccc2)NC(=O)C2CCCN2C(=O)C(Cc2ccccc2)N1
COC1=C(Br)[C@H](O)[C@@]2(C=C1Br)CC(C(=O)NCCC1N=C(N)NC1=O)=NO2,6.204151111111114,6.01520157407407,6.109676342592592,1,O=C(NCCC1N=CNC1=O)C1=NOC2(C=CC=CC2)C1
C[C@H]1CC=C[C@H]2[C@@H]3O[C@]3(C)[C@@H](C)[C@H]3[C@H](Cc4ccccc4)NC(=O)[C@]32OC(=O)C/C=C(/CO)C1=O,6.096638888888893,6.122219179894176,6.109429034391535,0,O=C1C=CCC(=O)OC23C(=O)NC(Cc4ccccc4)C2CC2OC2C3C=CCC1
CCC[C@@H]1NC(=O)[C@@H]2C[C@H](C)CN2C(=O)[C@@H](NC=O)CNC(=O)[C@@H](CC)NC(=O)c2coc(n2)[C@H](C)NC(=O)C1=O,6.131830000000003,6.086450595238095,6.1091402976190485,1,O=C1CNC(=O)c2coc(n2)CNC(=O)C(=O)CNC(=O)C2CCCN2C(=O)CCN1
COc1c(Br)cc(Br)c(CCN2C=[N+](C)CCC2)c1Br,6.161600000000004,6.055983634559882,6.108791817279943,0,C1=[NH+]CCCN1CCc1ccccc1
C=C1CCC[C@@H]2[C@@](C)(Cc3cc(C(=O)OC)c(O)c(NC(=O)CO)c3O)[C@H](C)CC[C@@]12C,6.070755555555555,6.146117876984123,6.108436716269839,0,C=C1CCCC2C(Cc3ccccc3)CCCC12
COc1c(C(CC(C)C)OC(C)=O)ccc2c1Oc1c(O)cc(C)cc1COC2=O,6.169771111111117,6.046210575396824,6.107990843253971,0,O=C1OCc2ccccc2Oc2ccccc21
CON(CCCCCCCCCCC#CCCc1cccnc1)[C@@H]1O[C@H](CO)[C@@H](O)[C@H](O)[C@H]1O,6.038666666666665,6.176034738455988,6.107350702561327,0,C(#CCCc1cccnc1)CCCCCCCCCCNC1CCCCO1
COc1c(OC)c2c(c(CCN(C)C)c1SC)SSS2,6.119612222222225,6.09419339069264,6.106902806457432,0,c1ccc2c(c1)SSS2
C/C(=C\Cn1c[n+](C)c2ncnc(N)c21)CC[C@]1(C)[C@@H](C)CC[C@@]2(C)C(COC(=O)c3cc(Br)c[nH]3)=CCC[C@@H]12.[Cl-],6.104227777777778,6.109526730158732,6.106877253968255,1,O=C(OCC1=CCCC2C(CCC=CCn3c[nH+]c4ncncc43)CCCC12)c1ccc[nH]1
C=CC(C)(C)OC(C)[C@@H]1NC(=O)[C@H](C(C)CC)NC(=O)[C@@H]2CSC(=N2)[C@H](C)NC(=O)[C@H]2N=C(OC2C)[C@H](Cc2ccccc2)NC1=O,6.181061111111114,6.028427242063489,6.104744176587301,1,O=C1CNC(=O)C2CSC(=N2)CNC(=O)C2COC(=N2)C(Cc2ccccc2)NC(=O)CN1
CC1=CC(=O)[C@@H]2[C@@H](C1)[C@]13CO[C@@]4([C@H]1O)N1C[C@@H]5O[C@@]1(CC[C@@]4(C)[C@]1(COC(=O)C1)[C@H]3C(=O)[C@@H]2C)C[C@@H](C)[C@H]5O,6.151188888888888,6.0560848809523815,6.103636884920634,1,O=C1CC2(CO1)C1C(=O)CC3C(=O)C=CCC3C13COC1(C3)C2CCC23CCCC(CN21)O3
O=C1N[C@H](CO)[C@H](Oc2ccc(O)cc2)[C@@H]1O,6.173597777777777,6.0324997853535365,6.103048781565657,0,O=C1CC(Oc2ccccc2)CN1
CS[C@]1(CO)C(=O)N2c3ccccc3C[C@@]2(SC)C(=O)N1C,6.027000000000003,6.179072757936506,6.103036378968255,0,O=C1NCC(=O)N2c3ccccc3CC12
CO[C@]12CCN(Cc3cc(O)c(O)c(Br)c3Br)[C@H]1NC(=O)N2,6.032987777777777,6.171258621031748,6.102123199404762,0,O=C1NC2CCN(Cc3ccccc3)C2N1
COc1cc(C)c(Oc2cc(C)cc(O)c2)c(O[C@@H]2O[C@H](CO)[C@@H](O)[C@H](O)[C@H]2O)c1,6.05811777777778,6.1450694195526685,6.101593598665224,0,c1ccc(Oc2ccccc2OC2CCCCO2)cc1
CC(=O)OC[C@@]1(C)CCC[C@@]2(C)C1CC[C@@]1(C)c3cc[n+](CC(=O)O)cc3CCC21,6.154111111111107,6.048846111111107,6.101478611111107,0,c1cc2c(c[nH+]1)CCC1C2CCC2CCCCC21
CCC[C@@H]1CC(=O)N[C@@H](CC(C)C)C(=O)N[C@H](Cc2ccccc2)C(=O)N[C@@H](CC(C)C)C(=O)N[C@@H](Cc2ccccc2)C(=O)O1,6.146449999999998,6.056285942460314,6.101367971230156,1,O=C1CCOC(=O)C(Cc2ccccc2)NC(=O)CNC(=O)C(Cc2ccccc2)NC(=O)CN1
CC[C@H](C)[C@@H]1NC(=O)[C@H](Cc2ccccc2)NC(=O)[C@@H]2CCCN2C(=O)[C@H](Cc2ccccc2)NC(=O)[C@@H]2CCCN2C(=O)[C@H](Cc2ccc(O)cc2)NC(=O)[C@@H]2CCCN2C1=O,6.191885555555554,6.008768902777779,6.100327229166666,1,O=C1NCC(=O)N2CCCC2C(=O)NC(Cc2ccccc2)C(=O)N2CCCC2C(=O)NC(Cc2ccccc2)C(=O)N2CCCC2C(=O)NC1Cc1ccccc1
CC1=CCC[C@H]2[C@](C)(Cc3cc(O)cc(-n4cnc5c(ncn5[C@H]5C[C@H](O)[C@@H](CO)O5)c4=O)c3O)[C@@H](C)CC[C@]12C,6.036227777777773,6.164367361111111,6.100297569444442,1,O=c1c2ncn(C3CCCO3)c2ncn1-c1cccc(CC2CCCC3C=CCCC32)c1
CON(CC(C)CCCCCCCCCCc1cccnc1)[C@@H]1O[C@H](CO)[C@@H](O)[C@H](O)[C@H]1O,6.004557777777776,6.195943793290039,6.100250785533907,0,c1cncc(CCCCCCCCCCCCNC2CCCCO2)c1
CC1(C)CCC[C@]2(C)[C@H]3Cc4c(OS(=O)(=O)[O-])c(O)cc(CO)c4[C@@]3(C)CC[C@@H]12.[Na+],6.172452222222222,6.027740636002884,6.100096429112552,0,c1ccc2c(c1)CC1C2CCC2CCCCC21
CN(C)CCCOc1c(Br)cc([C@H]2CNC(=O)O2)cc1Br,6.07977888888889,6.116521488095236,6.098150188492063,0,O=C1NCC(c2ccccc2)O1
CON(CCCCCCCCC#CCCCCc1cccnc1)[C@@H]1O[C@H](CO)[C@@H](O)[C@H](O)[C@H]1O,6.019855555555552,6.176034738455988,6.0979451470057695,0,C(#CCCCCc1cccnc1)CCCCCCCCNC1CCCCO1
COc1c(O)c2c(c3c1SSSSS3)CCNC2,6.0633239682539735,6.131398328342956,6.097361148298464,0,c1cc2c(c3c1CNCC3)SSSSS2
C=C1[C@@H](C)[C@H]2[C@H](Cc3ccc(OC)cc3)NC(=O)[C@]23OC(=O)OC=C[C@@](C)(O)C(=O)[C@@H](C)CC=C[C@H]3[C@@H]1O,6.079072222222222,6.11407584986772,6.096574036044971,1,C=C1CC2C=CCCC(=O)CC=COC(=O)OC23C(=O)NC(Cc2ccccc2)C3C1
CC[C@H](C)[C@@H]1NC(=O)[C@H](Cc2ccccc2)OC(=O)[C@H](C(C)C)N(C)C(=O)[C@H](C(C)C)OC(=O)[C@H](C)[C@@H](C)NC1=O,6.138446666666667,6.050127926587298,6.094287296626982,1,O=C1CNC(=O)C(Cc2ccccc2)OC(=O)CNC(=O)COC(=O)CCN1
CC(O)[C@H](NC(=O)c1cccc(NC=O)c1O)C(=O)O[C@@H](C)[C@H](OC(=O)Cc1ccccc1)[C@@H](C)C(=O)O,6.09405555555556,6.094281869047619,6.09416871230159,1,O=C(CNC(=O)c1ccccc1)OCCOC(=O)Cc1ccccc1
COc1cc2c(cc1O)OCc1c-2oc(CO)cc1=O,6.038990000000002,6.146530471139971,6.092760235569987,0,O=c1ccoc2c1COc1ccccc1-2
CON(CCCCCCCCCCC#CCCCCc1cccnc1)[C@@H]1O[C@H](CO)[C@@H](O)[C@H](O)[C@H]1O,6.009444444444443,6.176034738455988,6.092739591450215,1,C(#CCCCCc1cccnc1)CCCCCCCCCCNC1CCCCO1
CN(/C=C\c1c(Br)n(C)c2c(Br)c(Br)ccc12)C(=O)[C@@H]1CCCN1C,6.113822222222222,6.071310833333332,6.092566527777777,1,O=C(NC=Cc1c[nH]c2ccccc12)C1CCCN1
C=CC(/C=C\c1ccc(OC)c(O)c1)c1ccc(O)cc1,6.03015666666667,6.154703127344879,6.092429897005775,0,C(=Cc1ccccc1)Cc1ccccc1
C=C1Oc2cc(OC)cc(C(=O)SC[C@H](NC(C)=O)C(=O)O)c2NC1=O,6.013943333333336,6.170222995310247,6.092083164321792,0,C=C1Oc2ccccc2NC1=O
COc1ccc(CC(=O)c2c(O)cc(OC)cc2OC)c(OC)c1,6.048448888888889,6.135394987012989,6.091921937950939,0,O=C(Cc1ccccc1)c1ccccc1
CN1CC[C@]23C1=NCC[C@@]21C(=Nc2cc(Br)ccc23)Nc2c(Cl)cc(Cl)cc21,6.1620205555555545,6.0203561210317496,6.091188338293652,1,c1ccc2c(c1)N=C1Nc3ccccc3C13CCN=C1NCCC123
CCCCC(C)[C@@H]1CC(=O)NCC(=O)N[C@@H](C(C)C)C(=O)N[C@H](CC(C)C)C(=O)N[C@@H](C)C(=O)N[C@@H](Cc2ccccc2)C(=O)O1,6.164502222222225,6.0132821329365065,6.088892177579366,1,O=C1CCOC(=O)C(Cc2ccccc2)NC(=O)CNC(=O)CNC(=O)CNC(=O)CN1
CC1=CCC[C@H]2[C@](C)(CC3=C(O)C(=O)C=C(NCCC[S+](C)[O-])C3=O)[C@@H](C)CC[C@]12C,6.125122222222225,6.051275485209231,6.088198853715728,0,O=C1C=CC(=O)C(CC2CCCC3C=CCCC32)=C1
C=C1CCC[C@H]2[C@](C)(CC3=C(O)C(=O)C=C(NCCC[S+](C)[O-])C3=O)[C@@H](C)CC[C@]12C,6.125122222222225,6.051275485209231,6.088198853715728,0,C=C1CCCC2C(CC3=CC(=O)C=CC3=O)CCCC12
CC[C@H](C)[C@@H]1NC(=O)[C@@H](C)NC(=O)[C@H](C(C)C)NC(=O)C[C@@H](/C=C/c2ccccc2)OC(=O)[C@H](C(C)C)NC1=O,6.12548888888889,6.049772896825392,6.087630892857141,1,O=C1CNC(=O)CNC(=O)CC(C=Cc2ccccc2)OC(=O)CNC(=O)CN1
CC(C)C[C@@H]1NC(=O)[C@@H](CC(C)C)NC(=O)[C@H](Cc2ccccc2)NC(=O)[C@H](CC(C)C)OC(=O)[C@H](Cc2ccccc2)NC1=O,6.14754111111111,6.025423470238092,6.086482290674601,1,O=C1CNC(=O)C(Cc2ccccc2)NC(=O)COC(=O)C(Cc2ccccc2)NC(=O)CN1
COC(=O)[C@]1(O)CCc2oc3cc(CO)cc(O)c3c(=O)c21,6.074226666666668,6.097015685425689,6.085621176046178,0,O=c1c2c(oc3ccccc13)CCC2
CON(CCCC/C=C\CCc1cccnc1)[C@@H]1O[C@H](CO)[C@@H](O)[C@H](O)[C@H]1O,6.0307077777777724,6.139551563852811,6.085129670815292,0,C(=CCCc1cccnc1)CCCCNC1CCCCO1
CCC(C)[C@H]1NC(=O)[C@H]([C@@H](C)O)NC(=O)[C@@H]2CCCN2C(=O)[C@H](Cc2ccccc2)NC(=O)c2csc(n2)[C@@H](C)NC(=O)[C@@H]2CSC1=N2,6.066727777777775,6.100003938492065,6.08336585813492,1,O=C1CNC(=O)C2CCCN2C(=O)C(Cc2ccccc2)NC(=O)c2csc(n2)CNC(=O)C2CSC(=N2)CN1
CC[C@@H](O)c1oc(=O)cc(OC)c1CO,6.025346666666668,6.141108090187592,6.08322737842713,0,O=c1cccco1
CN1C(=O)[C@@]23C[C@]4(c5c[nH]c6ccccc56)c5ccccc5N[C@@H]4N2C(=O)[C@]1(CO)SSS3,6.026617857142859,6.1397,6.08315892857143,0,O=C1C2NC(=O)C3(CC4(c5c[nH]c6ccccc56)c5ccccc5NC4N13)SSS2
COc1cc2c(c(O)c1CO[C@@H](C)c1c(OC)cc3c(c1O)C(=O)CC[C@H]3O)C(=O)CC[C@@H]2O,6.051265555555556,6.111209602092353,6.081237578823955,0,O=C1CCCc2ccc(COCc3ccc4c(c3)C(=O)CCC4)cc21
CC[C@@H](C)[C@H](NC(=O)[C@@H](Cc1ccccc1)N(C)C(=O)[C@@H](N)CC(C)C)C(=O)Nc1c(O)cccc1C(=O)O,6.03593888888889,6.124314158730154,6.080126523809522,1,O=C(CCc1ccccc1)NCC(=O)Nc1ccccc1
N[C@H]1[C@H](O)[C@H](O)[C@@H](OCC(O)CO)O[C@@H]1CO,6.048908888888885,6.109728813492064,6.079318851190475,1,C1CCOCC1
CCC(C)C(=O)O[C@H]1[C@H](C)OC(=O)[C@@H](NC(=O)c2cccc(NC=O)c2O)[C@@H](C)OC(=O)[C@@H]1Cc1ccccc1,6.152024444444447,6.005330468253966,6.078677456349206,1,O=C(NC1COC(=O)C(Cc2ccccc2)CCOC1=O)c1ccccc1
CC1=C[C@@H](C)CC=C[C@H]2[C@H](O)[C@](C)(O)[C@@H](C)[C@H]3[C@H](Cc4c[nH]c5ccccc45)NC(=O)[C@]32C(=O)CC[C@H](O)C1=O,6.091963333333332,6.0632511276455,6.077607230489416,1,O=C1C=CCCC=CC2CCCC3C(Cc4c[nH]c5ccccc45)NC(=O)C23C(=O)CCC1
CC[C@@H](C)[C@H]1NC(=O)C(C)C(O)CC(C(C)CCCCC(C)O)OC(=O)[C@@H]2CCCN2C1=O,6.067455555555554,6.085905386904759,6.076680471230157,0,O=C1CCCCOC(=O)C2CCCN2C(=O)CN1
CCCC(=O)O[C@@H]1CC2C(C)(C)CCC[C@]2(C)C2CC[C@@H](C(=O)OC)[C@H]3[C@H]4CC5(C)CN4[C@H](O5)[C@@]231,6.05151333333333,6.101670915704666,6.0765921245189976,0,C1CCC2C(C1)CCC13C2CCCC1C1CC2CN1C3O2
CCCCCC[C@@H](C)/C=C(C)/C=C/C(=O)N[C@H]1C[C@]2(O[C@H]1OC)[C@H](O)[C@H](Cl)C(=O)[C@H](Cl)[C@H]2O,6.069740000000004,6.08181387566137,6.075776937830687,1,O=C1CCC2(CCCO2)CC1
CN1C(=O)[C@@]23C[C@]4(c5c[nH]c6ccccc56)c5ccccc5N[C@@H]4N2C(=O)[C@]1(CO)SS3,6.011169444444447,6.1397,6.075434722222224,0,O=C1C2NC(=O)C3(CC4(c5c[nH]c6ccccc56)c5ccccc5NC4N13)SS2
CC1=C[C@@H](C)CC=C[C@H]2C=C(CO)[C@@H](C)[C@H]3[C@H](Cc4c[nH]c5ccccc45)NC(=O)[C@@]23C(=O)CCC(=O)C1=O,6.012422222222224,6.134169480820103,6.073295851521163,1,O=C1C=CCCC=CC2C=CCC3C(Cc4c[nH]c5ccccc45)NC(=O)C23C(=O)CCC1=O
Cc1cc(O)cc(Oc2cc(C)cc(O[C@H]3O[C@H](CO)[C@@H](O)[C@H]3O)c2O)c1,6.119765555555558,6.025950251082255,6.072857903318907,0,c1ccc(Oc2cccc(OC3CCCO3)c2)cc1
COC(=O)c1cc(OC)c2c(O)c(C(C)=O)c(O)c(O)c2c1,6.087402222222227,6.057807880591631,6.07260505140693,0,c1ccc2ccccc2c1
CO[C@]1(C)CC[C@H]2[C@@H]([C@@H]3[C@H]1CC[C@@]3(C)CNCCS(=O)(=O)O)C2(C)C,6.096357777777771,6.047911220238091,6.072134499007931,0,C1CC2CCCC2C2CC2C1
C/C(=C\C=C\C(C)/C=C/CC(C)C)[C@H]1[C@@H](O)[C@@H]2[C@H](CS(=O)(=O)CCN2CC2=C[C@H](O)[C@H](/C(C)=C/C=C/C(C)/C=C/CC(C)C)[C@@H](O)C2=O)C(=O)[C@@H]1O,6.123211111111107,6.020971024531019,6.072091067821063,1,O=C1CCCC=C1CN1CCS(=O)(=O)CC2C(=O)CCCC21
CCCCCCCCCCCC[C@@H]1N=C(N)N[C@@]2(CCCO2)[C@@H]1C(=O)OCCCCCNC(=N)N,6.042557777777774,6.0996208531746,6.071089315476187,0,C1=NCCC2(CCCO2)N1
CC(C)C1=C2N=C3OC=CC=C[C@@]34OC[C@H]3O[C@@]4(OC3(C)C)N2[C@@H](Cc2ccccc2)C(=O)N1,6.13778333333333,6.001541964285716,6.069662648809523,0,O=C1NC=C2N=C3OC=CC=CC34OCC3COC4(O3)N2C1Cc1ccccc1
CC1=C[C@H](C)/C=C(/C)[C@@H]2[C@]34C[C@@]5(NC(=O)[C@H](CC(C)C)[C@H]5[C@@H](C)C1=O)C(=O)c1cc(C)c(O)c(c13)C(=O)[C@@]2(C)O4,6.0212455555555575,6.117218687169308,6.0692321213624325,1,O=C1C=CCC=CC2C3OC24CC2(NC(=O)CC2C1)C(=O)c1cccc(c14)C3=O
CC(C)=CCC/C(C)=C/CCC(C)/C=C/C(=O)NC[C@@H]1CC[N@+]2(C)CCCC[C@H]12.O=P([O-])(O)O,6.071961111111108,6.065763908730161,6.068862509920635,0,C1CC[NH+]2CCCC2C1
C=C=CCOc1ccc(/C=C/C(=O)N[C@@H]2CCCCNC(=O)[C@H](C)N(C)C(=O)[C@H](C(C)C)N(C)C2=O)cc1,6.001733333333328,6.13565530844156,6.068694320887444,1,O=C(C=Cc1ccccc1)NC1CCCCNC(=O)CNC(=O)CNC1=O
C=C1CCC[C@@H]2[C@@](C)(CC[C@@]3(C)CCn4cnc5ncnc(c54)N3OC)[C@H](C)CC[C@@]12C,6.061968888888888,6.074944841269842,6.068456865079365,1,C=C1CCCC2C(CCC3CCn4cnc5ncnc(c54)N3)CCCC12
CCOC(=O)[C@@H]1[C@@H]2CC[C@@H]3C[C@]4(CCC=C[C@@H](CC)O4)N=C(N[C@]14CCC[C@H](C)O4)N32,6.034724444444446,6.102050615079363,6.068387529761905,0,C1=CCOC2(CC1)CC1CCC3CC4(CCCCO4)NC(=N2)N13
COc1ccc2c3c(n(CC=C(C)C)c2c1)[C@H](C=C(C)C)N1C(=O)[C@@H]2CCCN2C(=O)[C@@]1(O)[C@H]3OC,6.10871666666667,6.0265220977633485,6.067619382215009,0,O=C1C2Cc3c([nH]c4ccccc34)CN2C(=O)C2CCCN12
COc1ccc(O)c(-c2cc(OC)ccc2O)c1,6.107578888888891,6.026439178210678,6.067009033549784,0,c1ccc(-c2ccccc2)cc1
CO[C@H]1O[C@@H]([C@@H]2CC(=O)NC2=O)CC=C1CC/C=C(\C)CC/C=C(\C)CCC=C(C)C,6.043761111111112,6.088461137566132,6.066111124338622,1,O=C1CC(C2CC=CCO2)C(=O)N1
C[C@@H]1CC[C@H]2C(C)(C)[C@H](O)CC[C@]2(C)[C@@]12Cc1c(O)cc3c(c1O2)C(=O)N(CCO)C3,6.02530555555556,6.105184316378065,6.065244935966812,0,O=C1NCc2ccc3c(c21)OC1(CCCC2CCCCC21)C3
COc1cc(O)c2c(c1)C(=O)c1cc(C)c(O[C@H]3O[C@H](COC(C)=O)[C@@H](O)[C@H](O)[C@H]3O)cc1C2=O,6.091574444444444,6.0361777925685445,6.063876118506494,1,O=C1c2ccccc2C(=O)c2cc(OC3CCCCO3)ccc21
CC(C)=CCC/C(C)=C/CC[C@@]1(C)Oc2c(c(O)cc3c2CN(C2CCCNC2=O)C3=O)C[C@H]1O,6.085872222222223,6.041037658730156,6.0634549404761895,0,O=C1NCCCC1N1Cc2c(ccc3c2OCCC3)C1=O
CC1=C[C@@H]2/C=C(\C)CC[C@H](O)[C@H]3O[C@H]4OCC(C)=C5C(=O)[C@@H](O)[C@H](C(=O)[C@]26C(=O)N[C@@H](CC(C)C)[C@@H]6[C@@H]1C)[C@@H]3[C@H]54,6.070746666666664,6.0555100165343925,6.063128341600528,1,O=C1CC2C(=O)C34C(=O)NCC3CC=CC4C=CCCCC3OC4OCC=C1C4C32
COc1c(SC)c(CCNC(C)=O)c2c3c(ccnc13)-c1ccccc1N2,6.039991666666669,6.085831247294371,6.062911456980521,0,c1ccc2c(c1)Nc1cccc3nccc-2c13
CCC[C@@H]1CC(=O)N[C@@H](Cc2ccccc2)C(=O)N[C@H](CC(C)C)C(=O)N[C@H](C)C(=O)N[C@@H](CC(C)C)C(=O)O1,6.067594444444444,6.056285942460314,6.061940193452379,1,O=C1CNC(=O)CNC(=O)C(Cc2ccccc2)NC(=O)CCOC(=O)CN1
CC(C)C[C@@H]1NC(=O)[C@H](Cc2ccccc2)NC(=O)[C@H](CC(C)C)NC(=O)[C@H](Cc2ccccc2)NC1=O,6.0847355555555565,6.039122200396824,6.06192887797619,1,O=C1CNC(=O)C(Cc2ccccc2)NC(=O)CNC(=O)C(Cc2ccccc2)N1
CC1=CC(=O)[C@H]2[C@H](CO)C(=O)[C@@H]3C4(C)CC(=O)O[C@@]5(C[C@@]3(C)[C@@H]2C1)N1C[C@H]2C[C@H](C)C[C@]1(CC[C@@]45C)O2,6.059116666666669,6.064362649711398,6.061739658189033,1,O=C1CC2C3C(=O)CC4C(=O)C=CCC4C3CC3(O1)C2CCC12CCCC(CN13)O2
C[C@@H](CCC(=O)c1cnc2c(n1)c(=O)n(C)c(=O)n2C)C(=O)c1cnc2c(n1)c(=O)n(C)c(=O)n2C,6.02746111111111,6.094031326358829,6.06074621873497,0,O=C(CCCC(=O)c1cnc2[nH]c(=O)[nH]c(=O)c2n1)c1cnc2[nH]c(=O)[nH]c(=O)c2n1
CCCc1cc(O)cc(O)c1C(=O)Oc1cc(O)cc(CCC)c1C(=O)O,6.028005555555557,6.0911707175324645,6.059588136544011,0,O=C(Oc1ccccc1)c1ccccc1
CO[C@H]1[C@H](C)O[C@H]2Oc3cc(CO)nc(-c4ccccn4)c3O[C@@]2(OC)[C@@H]1O,6.055633333333335,6.062920194805196,6.059276764069265,0,c1ccc(-c2nccc3c2OC2CCCOC2O3)nc1
CC1=C[C@@H](C)CC=C[C@H]2[C@@H]3O[C@]3(C)[C@@H](C)[C@H]3C(Cc4c[nH]c5ccccc45)NC(=O)[C@]32C(=O)CCC(=O)[C@H]1O,6.072335555555554,6.039238667328042,6.055787111441799,1,O=C1CC=CCCC=CC2C3OC3CC3C(Cc4c[nH]c5ccccc45)NC(=O)C23C(=O)CC1
COc1cc(O)c2c(=O)oc(CO[C@@H]3O[C@H](CO)[C@@H](OC)[C@H](O)[C@H]3O)c(C)c2c1C,6.101224444444445,6.008755490981241,6.054989967712843,0,O=c1oc(COC2CCCCO2)cc2ccccc12
CO[C@H]1[C@H](O)[C@@H](O)[C@H](Oc2cc(O)cc3cc4c(c(O)c23)C(=O)[C@H](C)[C@H](C)O4)O[C@@H]1CO,6.048982222222223,6.0591526338383845,6.054067428030304,0,O=C1CCOc2cc3cccc(OC4CCCCO4)c3cc21
CO[C@H]1[C@H](O)[C@@H](O)[C@H](Oc2cc(O)c3c(O)c4c(cc3c2)O[C@@H](C)[C@H](C)C4=O)O[C@@H]1CO,6.048982222222223,6.0591526338383845,6.054067428030304,0,O=C1CCOc2cc3cc(OC4CCCCO4)ccc3cc21
CS[C@]1(CO)C(=O)N2[C@H]3[C@H](OC(C)=O)C(=O)C=C[C@@]3(O)C[C@@]2(SC)C(=O)N1C,6.023853333333335,6.082863505291004,6.05335841931217,0,O=C1C=CC2CC3C(=O)NCC(=O)N3C2C1
CC(=O)CCC[C@H](C)[C@@H]1C=C[C@@](C)(O[C@H]2O[C@H](CO)[C@@H](O)[C@H](O)[C@H]2NC(C)=O)CC1,6.06642222222222,6.04017958333333,6.053300902777775,0,C1=CC(OC2CCCCO2)CCC1
C[As](C)(=O)C[C@H]1O[C@@H](OCC(O)COS(=O)(=O)O)[C@H](O)[C@@H]1O,6.072603333333335,6.033212456108704,6.052907894721019,0,C1CCOC1
COc1cc(/C=C\NC(=O)[C@@H]2CCCN2C)c(Br)c(Br)c1Br,6.091479999999999,6.013627361111109,6.052553680555554,0,O=C(NC=Cc1ccccc1)C1CCCN1
COc1cc2c(cc1C)[C@@H](C(C)C)[C@H](O)C[C@@H]2C,6.096239999999998,6.00620586075036,6.051222930375179,0,c1ccc2c(c1)CCCC2
CN1C(=N)N(C)[C@@]2(Cc3c([nH]c4cc(Br)ccc34)[C@]3(C(=O)N(C)C(=N)N3C)[C@@H]2c2c[nH]c3cc(Br)ccc23)C1=O,6.0594499999999965,6.0421713492063525,6.050810674603175,1,N=C1NC(=O)C2(Cc3c([nH]c4ccccc34)C3(NC(=N)NC3=O)C2c2c[nH]c3ccccc23)N1
CC(C)=CC(=O)/C=C(\C)CCC/C(C)=C/CC/C(C)=C/Cn1cnc2c1c(=O)ncn2C,6.008761111111109,6.090873472222223,6.049817291666667,1,O=c1nc[nH]c2nc[nH]c12
Cn1c(C(=O)NCCCC(=O)O)cc(Br)c1Br,6.085398888888888,6.012851617063492,6.04912525297619,0,c1cc[nH]c1
CCC(C)[C@H]1NC(=O)C2N=C(O[C@@H]2C)[C@@H]2CCCN2C(=O)[C@H](Cc2ccccc2)NC(=O)c2csc(n2)[C@H](C)NC(=O)[C@@H]2CSC1=N2,6.030313333333334,6.066864295634918,6.048588814484126,1,O=C1NC(Cc2ccccc2)C(=O)N2CCCC2C2=NC(CO2)C(=O)NCC2=NC(CS2)C(=O)NCc2nc1cs2
CC(=O)Nc1cc(Cc2cc3oc4cc(=O)c(NC(C)=O)cc-4nc3cc2CO)ccc1O,6.073366666666667,6.023303750601254,6.048335208633961,0,O=c1ccc2nc3ccc(Cc4ccccc4)cc3oc-2c1
C[C@@]12CCC[C@]3(C)c4cc5c(cc4C(=O)[C@](O)(OC1)[C@H]23)C(=O)C1=C(NCCS1(=O)=O)C5=O,6.002000000000002,6.088650158730157,6.04532507936508,0,O=C1C2=C(C(=O)c3cc4c(cc31)C1CCCC3COC(C4=O)C31)S(=O)(=O)CCN2
CN(C)CCc1c2ncsc2c2c3c(c4ccccc4nc13)C=CN2C,6.001843888888891,6.084005932539688,6.042924910714289,0,C1=Cc2c3ccccc3nc3cc4ncsc4c(c23)N1
NC[C@H](O)c1ccc(O)c2c1OC[C@@H](Oc1cccc(O)c1)[C@H]2c1ccc(Br)c(Br)c1,6.068564444444442,6.013853119648874,6.041208782046658,1,c1ccc(OC2COc3ccccc3C2c2ccccc2)cc1
CCC1=C[C@H]2C[C@@H]3[C@H](CC[C@@H]4/C=C/C(=O)C5=C(O)[C@H](CCCNC(=O)/C=C\C[C@@H]34)NC5=O)[C@H]2[C@@H]1CO,6.038818888888886,6.04355996362434,6.041189426256613,0,O=C1C=CCC2C(C=CC(=O)C3=CC(CCCN1)NC3=O)CCC1C3CC=CC3CC21
CC(C)C[C@H]1C(=O)OCc2ccc(C=O)n21,6.008713333333334,6.071484356060608,6.040098844696971,0,O=C1Cn2cccc2CO1
CO[C@@]1(Cc2ccccc2)NC(=O)[C@](O)(Cc2ccccc2)NC1=O,6.061991111111107,6.017625857683981,6.039808484397544,0,O=C1NC(Cc2ccccc2)C(=O)NC1Cc1ccccc1
COc1c2c(c(O)c3c1[C@H](O)Cc1cc(CC(C)=O)c(C(=O)O)c(O)c1-3)C(=O)c1cccc(O)c1C2=O,6.012802222222224,6.065795278138526,6.039298750180375,1,O=C1c2ccccc2C(=O)c2cc3c(cc21)CCc1ccccc1-3
COC(=O)c1c([S+](C)[O-])ccc2oc3cc(CO)cc(O)c3c(=O)c12,6.050344444444443,6.027794374819624,6.039069409632034,0,O=c1c2ccccc2oc2ccccc12
C=C1[C@@H](C)[C@H]2[C@H](Cc3c[nH]c4ccccc34)NC(=O)[C@]23C(=O)CC[C@H](O)[C@H](O)C(C)=C[C@@H](C)CC=C[C@H]3[C@@H]1O,6.014741111111112,6.0632511276455,6.0389961193783055,1,C=C1CC2C=CCCC=CCCCCC(=O)C23C(=O)NC(Cc2c[nH]c4ccccc24)C3C1
CC1(C)Cc2cc(CO)c(CCCl)c(CO)c2C1,6.05056333333333,6.026513257936504,6.0385382956349165,0,c1ccc2c(c1)CCC2
CC(=O)OC[C@H]1O[C@H](OCc2c(C)oc(=O)c3c(O)cc(O)cc23)[C@H](O)[C@@H](O)[C@@H]1O,6.063055555555557,6.012601618326122,6.03782858694084,1,O=c1occ(COC2CCCCO2)c2ccccc12
CCO[C@H]1c2c([nH]c3c4c(ccc23)OC(C)(C)C=C4)C(C)(C)[C@@H]2C[C@]34CCCN3C(=O)[C@]12NC4=O,6.015094444444443,6.060493663419915,6.03779405393218,0,O=C1N2CCCC23CC2Cc4[nH]c5c6c(ccc5c4CC12NC3=O)OCC=C6
CC(CCCCCCCCCCCCCCO[C@@H]1O[C@H](CO)[C@@H](O)[C@H](O)[C@@H]1O)C(=O)C1=C(O)N(C)C(C)C1=O,6.004938888888892,6.066385423280422,6.035662156084657,1,O=C(CCCCCCCCCCCCCCCOC1CCCCO1)C1=CNCC1=O
COC(=O)C(Cc1c(O)c(C)cc(C(C)=O)c1O)Cc1c(O)c(C)cc(C(C)=O)c1O,6.046557777777772,6.024500606060609,6.03552919191919,0,c1ccc(CCCc2ccccc2)cc1
CC(COCO)C(C)C(O)C1C(C)CCC2C3CCC(O)C(CN)C3C(=O)CC21,6.031307777777773,6.036643423520919,6.033975600649346,0,O=C1CC2CCCCC2C2CCCCC12
C[N+]1(C)CCc2cc(O)c(O)cc21.[Cl-],6.013863333333338,6.052850540764788,6.033356937049063,0,c1ccc2c(c1)CC[NH2+]2
COc1ccc2c(c1)C1=N[C@H](CC(C)=O)[C@@H](CC(C)=O)c3c([nH]c4ccccc34)C1=N2,6.000818333333339,6.060299748376622,6.03055904085498,0,c1ccc2c(c1)N=C1C2=NCCc2c1[nH]c1ccccc21
CCOC(=O)[C@H](OCC)[C@@H]1CNC(=O)c2cc(Br)c(Br)n21,6.041496666666664,6.015669893578643,6.028583280122653,0,O=C1NCCn2cccc21
COc1cc2c(c(O)c1C=O)COCC2,6.033320000000001,6.022744688311691,6.028032344155846,0,c1ccc2c(c1)CCOC2
CN(C)[C@H]1C[C@@]23CC[C@@]4(O2)C(=CC[C@]2(C)[C@@H](c5ccc6ccncc6c5)C(=O)C[C@H]24)C=C3[C@@H](O)[C@@H]1O,6.032005555555555,6.022566825396823,6.02728619047619,0,O=C1CC2C(CC=C3C=C4CCCCC45CCC32O5)C1c1ccc2ccncc2c1
COc1cn2c(c(Cc3c4n(cc(OC)c3=O)-c3c(ccnc3CC(C)C)C4=O)c1=O)C(=O)c1ccnc(CC(C)C)c1-2,6.005683333333337,6.048537956349207,6.027110644841272,1,O=C1c2ccncc2-n2ccc(=O)c(Cc3c4n(ccc3=O)-c3cnccc3C4=O)c21
CC(C)=CC(=O)NC1=C(CC2=C(NC(=O)C=C(C)C)N3[C@@H](C)C[C@@H](O)[C@@]3(C)C2=O)C(=O)[C@]2(C)C[C@H](O)[C@H](C)N12,6.035599999999996,6.017735082671955,6.026667541335975,1,O=C1C(CC2=CN3CCCC3C2=O)=CN2CCCC12
Cn1c(=N)ccn([C@H]2C[C@H](O)[C@@H](CO)O2)c1=O,6.004055555555556,6.046936706349203,6.025496130952379,0,N=c1ccn(C2CCCO2)c(=O)[nH]1
Cn1c(N)nc(Cc2ccc3c(c2)OCO3)c1Cc1ccc2c(c1)OCO2,6.0236822222222255,6.019121759018762,6.021401990620493,0,c1nc(Cc2ccc3c(c2)OCO3)c(Cc2ccc3c(c2)OCO3)[nH]1
C[C@H]1C=C[C@H]2C[C@H](O)CC[C@H]2[C@@H]1c1cc(NCCO)c(C=O)c(=O)o1,6.000918888888891,6.033209060846562,6.017063974867726,0,O=c1cccc(C2CC=CC3CCCCC32)o1
O=C(O)C[C@@H](NC(=O)c1c[nH]c2cc(Br)c(OC(=O)c3ccc(O)cc3)cc12)C(=O)O,6.020535555555553,6.009512906746036,6.015024231150795,0,O=C(Oc1ccc2[nH]ccc2c1)c1ccccc1
CN1C(=N)N(C)[C@@]2(C1=O)c1[nH]c3ccccc3c1C[C@@]1(C(=O)N(C)C(=O)N1C)[C@@H]2c1c[nH]c2cc(Br)ccc12,6.003741666666668,6.010634940476193,6.00718830357143,1,N=C1NC(=O)C2(N1)c1[nH]c3ccccc3c1CC1(NC(=O)NC1=O)C2c1c[nH]c2ccccc12
CC(C)=CCC/C(C)=C/CC[C@]1(C)Oc2c(c(O)cc3c2CN(CC(=O)O)C3=O)C[C@@H]1O,6.003124444444447,6.005260793650791,6.004192619047619,0,O=C1NCc2c1ccc1c2OCCC1
COc1cccc2c(=O)c(C)c(CO)oc12,6.002497777777776,6.0058702132034645,6.004183995490621,0,O=c1ccoc2ccccc12
COc1c(C)c(O)cc2c1C(O)CC2=O,6.000524444444446,6.004994542568545,6.002759493506495,0,O=C1CCc2ccccc21
